dt|pkg_name|second_channel|affiliate_id|nation|gaid
2025-07-25|com.example.weather|email|aff_1.8E2|US|BB42A58C-4E51-13C3-1088-58A4754781DC
2025-07-14|com.example.news|social|aff_1.0E0|US|AC71B613-4E24-AEA1-DF25-6E5B5CA684AB
2025-07-15|com.example.weather|email|aff_7.43E2|US|732ABD45-75C4-352B-A311-B0E9F4FDFD01
2025-08-03|com.example.game|organic|aff_7.41E2|CN|A9519D4D-6159-ECEE-1A2B-45EFB3547F82
2025-07-26|com.example.shopping|social|aff_7.61E2|UK|087DFBEB-1B5D-6FF5-CC13-DA1F909A6BC2
2025-07-22|com.example.game|social|aff_4.38E2|IN|345E62B8-D250-8112-14C7-2D04E11B89D7
2025-07-26|com.example.social|organic|aff_8.36E2|JP|4281BD49-7516-CD86-FA40-DE05A7F83CC7
2025-07-29|com.example.shopping|cpc|aff_4.85E2|FR|2150F536-983A-5C4B-F1F5-78A4587708FE
2025-08-04|com.example.news|email|aff_9.95E2|AU|A2E4E813-330E-373A-D9B6-B78B80B189B6
2025-08-04|com.example.weather|social|aff_7.7E1|UK|E4E44A27-6C71-06EE-8EBF-ADDA60B089CC
2025-08-11|com.example.news|organic|aff_8.81E2|DE|A6EA2E40-4A08-CCCF-8DF9-276C77FE21B9
2025-07-18|com.example.news|social|aff_4.27E2|CA|986138C5-241F-39B1-2072-480A43DD442B
2025-07-14|com.example.weather|social|aff_6.08E2|BR|81C1C951-BC17-7B91-754C-BFEBBB75C67E
2025-07-17|com.example.social|cpc|aff_8.23E2|JP|186D85E5-A531-7AD1-0CA2-BD401D2CA0D3
2025-07-25|com.example.shopping|cpc|aff_5.53E2|UK|03E2AFD2-5BCA-ED33-0371-BEA44B088823
2025-07-19|com.example.game|email|aff_8.56E2|IN|B25C2406-1C7E-3F79-5E56-E5F49D67F6C1
2025-07-20|com.example.social|cpc|aff_8.34E2|CN|4BE4C0E5-B959-84BC-6C51-AABDC3580B6A
2025-08-10|com.example.social|email|aff_1.01E2|UK|312D3898-7AE6-5B78-FEDF-A0F67DADDF04
2025-07-24|com.example.news|organic|aff_4.7E2|AU|F076650D-18BF-91FA-205B-A6776DDC5CC0
2025-08-07|com.example.social|cpc|aff_9.11E2|CN|6630344D-3676-B3EF-7829-847ACF22A5F4
2025-07-17|com.example.news|organic|aff_1.33E2|DE|669969E7-24E7-4409-22F3-A8B118500DD6
2025-07-20|com.example.weather|organic|aff_7.58E2|AU|E8035972-28D1-8366-ED04-2E89D456F91E
2025-07-24|com.example.news|organic|aff_3.23E2|CN|A933AFDF-DB30-14D5-D977-5B4F672967D0
2025-07-29|com.example.news|cpc|aff_8.72E2|UK|21311F84-EA57-82B4-8364-78F251DBB218
2025-07-13|com.example.weather|social|aff_7.52E2|UK|8B90FB06-2C02-9E5A-0DD2-468ACF35EDD6
2025-07-17|com.example.weather|organic|aff_3.28E2|BR|B660F584-5521-12D2-8FE5-B9B9F42CAEAD
2025-07-17|com.example.shopping|email|aff_1.6E1|CN|F640D278-6BBF-56C8-EE58-668D595224D9
2025-07-24|com.example.social|cpc|aff_5.0E0|UK|7E8E859E-AAD0-CB13-F4F8-E38F0E5D872F
2025-07-29|com.example.game|cpc|aff_4.84E2|CN|D57FA3A8-AD36-9B0F-E60F-485C86347C69
2025-08-02|com.example.news|social|aff_1.13E2|DE|571FA74E-09B5-4FF2-70D5-6EBD91DF9F57
2025-07-22|com.example.social|organic|aff_7.25E2|DE|9AC24FFD-CF64-DC39-F4F2-4355B3D1DAA9
2025-08-05|com.example.news|cpc|aff_2.87E2|AU|1F4625D4-2485-BFB3-D59B-A7F88DF9CE20
2025-08-11|com.example.weather|email|aff_9.26E2|BR|9487A953-AA24-E934-C5F4-3A330A45A892
2025-08-03|com.example.weather|social|aff_9.59E2|US|36F2B656-6ECE-23C3-204D-4385F22B6F59
2025-08-06|com.example.game|social|aff_9.89E2|IN|88D460F5-93E4-8CFA-BEB1-B9F38EE6FA1B
2025-07-15|com.example.social|email|aff_7.84E2|DE|FC8767FE-68AD-2F51-FA11-A0ED7D8DE727
2025-07-22|com.example.social|cpc|aff_7.56E2|DE|F2B68F57-9C57-699C-4A18-710854A47B4F
2025-07-13|com.example.weather|social|aff_2.62E2|CA|914226D1-65EB-2D7E-D091-147650CEB842
2025-07-15|com.example.news|cpc|aff_3.77E2|DE|8A1E783B-D19D-E65D-5574-1263D4BA385A
2025-07-13|com.example.weather|cpc|aff_3.66E2|US|6B57FE21-C1C9-D675-F605-909179D8FBA5
2025-07-17|com.example.social|social|aff_7.85E2|IN|F7A43535-941C-B055-430C-6129F474238C
2025-07-29|com.example.weather|email|aff_4.25E2|DE|7BAF83FE-AE53-8287-9B4C-4A1DDAF08333
2025-08-02|com.example.weather|organic|aff_3.32E2|AU|B18D0C1C-7D12-52C9-CC81-ED7F439DE780
2025-08-11|com.example.news|email|aff_4.96E2|JP|3FC6442F-4EA2-483C-73C3-018EF85878AD
2025-08-02|com.example.news|cpc|aff_8.4E1|AU|013BF83D-5FD9-C6E4-6620-E117941985B2
2025-07-24|com.example.social|email|aff_5.9E2|US|6B572724-9ADF-3E8C-A8EC-D438AECF7BA6
2025-07-16|com.example.game|cpc|aff_2.86E2|JP|A0632857-FE7F-7914-6143-53B03F01B34C
2025-08-01|com.example.news|social|aff_1.7E1|DE|9C10BCFD-59FD-9A22-7EA3-9E57F22E112A
2025-07-28|com.example.shopping|social|aff_3.09E2|JP|4098F737-D74E-66C6-45A1-55232A9CEDAE
2025-07-25|com.example.game|cpc|aff_3.88E2|BR|0848FE16-AA20-87D2-CBE2-4A5CA9D04C26
2025-07-17|com.example.weather|organic|aff_4.59E2|US|910C374E-6FBA-3E53-589C-51986F2582B5
2025-08-09|com.example.weather|organic|aff_1.79E2|JP|5970A6C4-1AD4-F5F9-D8FB-D48A3699D5D0
2025-08-07|com.example.news|social|aff_9.67E2|FR|2C83EE3C-B598-54B4-A01F-732B28C63B64
2025-07-29|com.example.shopping|cpc|aff_2.28E2|FR|9C9F13B6-304E-1902-3A31-0AE57DBDAB94
2025-08-01|com.example.weather|email|aff_2.28E2|BR|A59C042F-E816-6537-8848-781836602045
2025-07-22|com.example.social|cpc|aff_2.0E2|JP|F2F2FAE6-6746-D763-884B-A6DE002B8C74
2025-07-30|com.example.weather|email|aff_4.74E2|FR|23260788-3809-8889-F116-EDC8EF5B52B6
2025-07-19|com.example.weather|organic|aff_7.72E2|BR|3A36D807-F273-7C8B-28FA-75A0BC984075
2025-07-28|com.example.news|social|aff_3.33E2|US|58A1FC2E-A444-7D3F-D2CF-CA1CC78BF4D2
2025-07-16|com.example.weather|organic|aff_3.0E1|JP|5B325080-5E08-E7EF-5D39-270165FBB771
2025-07-16|com.example.game|organic|aff_1.3E2|BR|078578CB-AEEA-AC84-689E-F84DB153558C
2025-07-21|com.example.news|cpc|aff_1.87E2|AU|F07EDFB7-85A1-923A-2292-169E326731A7
2025-08-06|com.example.weather|email|aff_3.66E2|IN|861ADA98-AB4E-7B48-689F-0E38BECF204B
2025-07-22|com.example.news|organic|aff_2.11E2|UK|A7984474-4836-54F9-C027-ADEE1B2DCBBD
2025-07-19|com.example.game|email|aff_7.93E2|US|DD3A3AB1-1D9D-F9C9-C413-E6012C4C9D4F
2025-07-30|com.example.game|email|aff_9.25E2|FR|E213E7B0-1140-30F0-3A43-217CAD7E1937
2025-08-08|com.example.social|organic|aff_9.3E1|DE|011BFA8D-0ABA-D5CF-EEF1-C675ED0EC5AA
2025-07-26|com.example.game|organic|aff_8.77E2|US|38473464-74AA-EB21-A682-8FCEC3EAD374
2025-07-19|com.example.game|email|aff_6.22E2|DE|8BC4626A-8455-B380-9724-6F99B4CC42E3
2025-07-17|com.example.news|social|aff_1.36E2|BR|C439C245-D9FA-D4C8-17EF-8859FCEEB064
2025-07-26|com.example.shopping|social|aff_6.44E2|IN|3CBCC1A5-DCDC-F4EA-EB6E-859770B8E2C8
2025-07-20|com.example.game|email|aff_9.71E2|BR|414389B3-CA77-122F-C706-ECB9215EBCA4
2025-07-21|com.example.game|cpc|aff_6.21E2|AU|AE289515-7DA1-9065-36B9-66CEF41C68A4
2025-07-30|com.example.social|social|aff_5.55E2|DE|7D243D9C-1BFA-A36C-4680-A35ED4033A4A
2025-07-17|com.example.weather|cpc|aff_1.01E2|JP|FC41B414-A0DB-9B91-801A-E6C21D21E703
2025-07-20|com.example.social|social|aff_4.41E2|JP|C99222B2-CE1F-02D9-3AD9-EB9FA96791FE
2025-08-10|com.example.news|cpc|aff_8.8E1|JP|61AE3FEC-A2BD-E849-FDF5-EBBAB914B213
2025-07-17|com.example.shopping|email|aff_9.99E2|CN|53F6E5ED-F506-ABBE-B481-F76A5E2F4214
2025-07-24|com.example.weather|cpc|aff_7.37E2|US|26062D8F-A0EB-6B4A-5E6B-16E27F5F0468
2025-07-20|com.example.weather|cpc|aff_6.18E2|CA|8B31FD01-0CB1-14A3-FB59-037D45DBB095
2025-07-13|com.example.news|email|aff_4.41E2|DE|4BF8F7B9-3D2C-D232-D7EA-111A60D9DC13
2025-07-20|com.example.weather|organic|aff_9.71E2|IN|CD190662-5CB0-1D84-BCF6-FC62385F14D2
2025-08-10|com.example.game|email|aff_1.0E2|CN|B5813AA9-FCF6-26B4-455F-E8D7489BB5BD
2025-08-03|com.example.news|cpc|aff_4.3E1|BR|95864A87-8735-BBB1-1606-D3C2B9F937BE
2025-07-22|com.example.news|social|aff_3.32E2|DE|5BB2373C-EF12-DA29-BEE3-67E20087071D
2025-08-10|com.example.news|organic|aff_6.83E2|CA|F17EC4E0-5EA4-D82F-7C8C-3929F22943C7
2025-08-03|com.example.shopping|social|aff_7.0E0|JP|EFB7A166-FA16-6C44-32C3-6ED6305A5F54
2025-07-19|com.example.social|organic|aff_1.4E2|FR|C8DDAF96-F057-A847-78E5-EE2CCCAF9C41
2025-07-14|com.example.shopping|cpc|aff_5.59E2|CN|FF9914A7-5A9F-B45E-D334-C4340789B14A
2025-08-02|com.example.game|organic|aff_4.96E2|IN|0952BCC9-ED65-B4F4-CCBD-0FC2EDC4EE0C
2025-07-16|com.example.shopping|cpc|aff_6.79E2|CA|48382E9C-FC12-0FBC-D11F-96764028A994
2025-07-20|com.example.news|cpc|aff_9.06E2|CN|D44B6C65-3CE5-5374-2435-1B2209ED498C
2025-08-06|com.example.weather|social|aff_6.01E2|JP|F7DB1B51-3EA8-10C7-129D-21508E99D5D8
2025-08-02|com.example.social|cpc|aff_3.01E2|US|CDE137DA-002D-BFA1-4812-343EC5603F47
2025-08-01|com.example.news|email|aff_8.61E2|JP|DDC8E20E-BE90-F7BF-E27E-A4E9A46D0469
2025-08-02|com.example.social|social|aff_4.35E2|AU|E075F263-08F1-F686-16E0-443734B224E1
2025-08-05|com.example.game|organic|aff_8.34E2|IN|131BF7AF-2F34-ABD8-6E5F-DEB784EBC932
2025-07-28|com.example.social|social|aff_3.57E2|AU|98009AC5-4336-ACF2-4FB7-81CD8A686C58
2025-07-29|com.example.game|social|aff_4.72E2|DE|619155F6-E7E1-9735-C330-A145FDE799CC
2025-07-25|com.example.news|organic|aff_3.41E2|US|65629B8D-1256-D929-2A24-EB2875E9D611
2025-08-11|com.example.game|organic|aff_7.6E2|US|642FC371-BF90-2917-59C9-AFC2759F6D6C
2025-07-26|com.example.news|social|aff_6.28E2|CA|C735B308-0D6D-C143-F664-6848D387C8CE
2025-07-13|com.example.social|cpc|aff_5.73E2|US|D9FA177B-9AF4-5CC4-7613-95B5BDED6912
2025-07-14|com.example.weather|organic|aff_6.42E2|JP|2E08E5DE-54BC-59F0-0890-0D3BD91BEA77
2025-08-10|com.example.social|organic|aff_5.18E2|CN|8188768A-486D-E2D4-A494-90E103C891CF
2025-08-01|com.example.weather|social|aff_5.44E2|CN|A495AC4D-2978-D5EA-E3F1-EAF89026D5AC
2025-08-07|com.example.shopping|social|aff_8.3E2|FR|F562C67B-CDDB-9394-F75B-EED61FB3A2C8
2025-07-13|com.example.news|email|aff_6.19E2|DE|872D5959-4FA5-0333-9EAF-7007EB29E57D
2025-07-30|com.example.shopping|organic|aff_1.72E2|IN|6E025FDB-7E14-44F7-5EB3-29404D8F8E40
2025-08-11|com.example.social|organic|aff_2.11E2|CN|AE17AD3D-F85B-6E05-0CCB-E9B9DD8037D9
2025-08-08|com.example.weather|organic|aff_1.31E2|JP|4D337377-7CA6-0150-CCF7-2433865213EF
2025-07-13|com.example.shopping|social|aff_6.39E2|CA|1659610B-5E85-350D-F18B-B64324A48683
2025-07-18|com.example.weather|cpc|aff_5.37E2|UK|FF02AC13-5440-7FE3-FAAA-D844686B3D2B
2025-07-19|com.example.weather|cpc|aff_8.9E2|CA|195FDAC6-5B5E-7E80-395C-583AD2950B00
2025-08-04|com.example.news|cpc|aff_7.75E2|CA|77205BB9-23AE-DC25-EEA6-CF9984D13344
2025-07-21|com.example.game|social|aff_2.1E2|IN|E32F0CAC-8989-6AB2-7503-490CD3F33E46
2025-08-09|com.example.game|organic|aff_4.8E2|US|DE32F14A-4C91-D3E5-F7CD-AE7E8FB6004B
2025-08-08|com.example.game|social|aff_1.24E2|AU|5EA504A0-E1CB-71D6-0F2C-C6D38A3CAE5D
2025-07-26|com.example.news|cpc|aff_7.09E2|AU|4A23BE76-100C-7534-9940-2E4470FF5B1F
2025-08-03|com.example.weather|social|aff_2.01E2|DE|922DDD6F-6E9E-0457-DEA3-BC653AC6176C
2025-07-17|com.example.game|email|aff_8.4E2|JP|C58D9812-29D7-6C1A-96D4-D7367181186A
2025-07-17|com.example.news|cpc|aff_1.3E2|FR|FBFDFB84-A133-A7F7-F03D-C0E1DF90F26A
2025-08-03|com.example.game|social|aff_2.36E2|UK|02EEEB78-F3F8-826E-7461-2B0BFEDFCE00
2025-07-29|com.example.news|social|aff_6.38E2|CN|38216EF5-0FBF-C00A-ECD0-E6B8E531C0E4
2025-07-16|com.example.shopping|social|aff_9.72E2|CA|5782027F-4EC9-4684-B8D0-64E319C55B20
2025-08-01|com.example.shopping|social|aff_5.54E2|CA|33127744-820D-92D8-345B-A66802D6F5C4
2025-08-03|com.example.news|email|aff_5.97E2|CN|1E854BBB-8A08-B083-BD3D-386DFADAE1F0
2025-07-17|com.example.news|email|aff_9.42E2|CN|1E4B75BA-754C-658D-4027-E161B08C6875
2025-08-04|com.example.weather|email|aff_8.62E2|DE|6A9588C3-8330-B867-E343-6A98AD791DF5
2025-07-24|com.example.news|organic|aff_8.12E2|DE|B7B9F2AC-E4D0-1DD5-7409-5AD4AF8203EE
2025-08-09|com.example.social|email|aff_1.39E2|CN|A986A1D8-650D-C789-3D11-E49410BE0541
2025-07-24|com.example.news|organic|aff_9.64E2|FR|8EBC671B-9A96-5E89-AEED-01494961A09B
2025-08-03|com.example.social|organic|aff_5.4E1|CN|74539105-1DD4-CBBA-B26D-1A766A52A468
2025-08-06|com.example.news|cpc|aff_1.38E2|FR|2774E0A5-12DB-F49E-C9A6-A23DA274865C
2025-07-21|com.example.social|organic|aff_9.36E2|US|B4586C93-BA8B-3DC9-3131-C37F966A5430
2025-07-16|com.example.game|cpc|aff_5.1E2|AU|45F4C850-CA3F-6620-1E5D-A6027865EF70
2025-08-11|com.example.shopping|social|aff_2.3E1|BR|8740E284-939A-06A4-A9F5-001B025B9754
2025-08-02|com.example.shopping|social|aff_1.35E2|JP|3325A7E9-F55E-5023-EC2A-72EC22348132
2025-07-27|com.example.social|email|aff_3.81E2|DE|F646BDC0-EB82-77E3-BBDC-61FF3EA6E471
2025-08-09|com.example.shopping|cpc|aff_2.55E2|IN|D1CCF3D6-E175-39DC-FB5F-732B88B2E6E1
2025-08-11|com.example.shopping|email|aff_8.08E2|BR|79EEEFEE-A18F-EC6F-37C4-A289C88B7F47
2025-07-30|com.example.social|email|aff_2.5E2|FR|D2C2D003-173E-035F-9FC4-F8A58B99FADC
2025-08-04|com.example.shopping|email|aff_5.49E2|CA|56052915-3BC9-26C2-AD13-BFA8B89BB94B
2025-08-06|com.example.social|email|aff_8.01E2|US|4F74CC10-FEDA-6537-9F1F-8085F6C47D4C
2025-07-30|com.example.news|cpc|aff_4.59E2|CN|F263D101-79C3-0F9C-95E0-D5EE561E3B5A
2025-07-26|com.example.social|social|aff_5.64E2|BR|91AD63FD-6D0A-7C80-C5DE-9689CBE4412E
2025-07-31|com.example.game|social|aff_2.48E2|JP|FEA64543-B36F-5A76-855C-D1501EC1FAF0
2025-07-18|com.example.shopping|cpc|aff_6.98E2|IN|21B2CD2B-E683-CF98-B28F-1D7ED05B362C
2025-07-15|com.example.social|organic|aff_8.57E2|CN|8589AAAB-CD3D-7FCB-1898-79A9F203DF05
2025-07-25|com.example.shopping|email|aff_8.29E2|IN|2D55E788-3718-728C-D903-DA6CE0EAD75C
2025-07-17|com.example.social|cpc|aff_4.6E2|CA|ECF26538-2E8C-688E-5E3C-0B17CA7978EB
2025-07-21|com.example.weather|email|aff_9.48E2|CA|6627F14D-6290-0FA2-51AB-76559DC54A92
2025-08-06|com.example.weather|organic|aff_6.23E2|UK|B723FFAB-A193-2B3E-147C-91B55BCD0FB9
2025-07-29|com.example.news|social|aff_9.31E2|CA|322C8237-9CE1-3AE9-C9F7-A3378FF9DDC1
2025-08-07|com.example.shopping|email|aff_9.2E1|FR|51901881-D7CC-7052-B17D-1D6E51CF4E03
2025-07-13|com.example.news|organic|aff_1.01E2|BR|41C4B77E-0CF1-6266-5C4A-29547B9777AB
2025-07-15|com.example.game|email|aff_2.36E2|IN|3E5EFD59-8BEC-B578-ED4A-06398E14A8D1
2025-08-04|com.example.social|organic|aff_2.39E2|DE|67732005-CFB2-5CB3-F369-11936EBEBDA5
2025-07-17|com.example.weather|email|aff_5.66E2|CA|749D5AB8-D497-1BE1-4952-46175EB5E69B
2025-08-11|com.example.game|cpc|aff_8.42E2|FR|6EB835D7-A997-9D95-E233-2632A9794A94
2025-07-24|com.example.weather|organic|aff_4.23E2|IN|D8397C5F-E789-99A8-4A38-10DB5A3C59EC
2025-08-08|com.example.news|organic|aff_8.6E2|BR|E59885D6-D8E6-49E8-4F0C-D5A0FE6B9955
2025-08-11|com.example.news|social|aff_8.6E2|CA|1D1FC097-252D-ED0B-627A-047C2F4EA357
2025-07-19|com.example.shopping|cpc|aff_4.94E2|AU|CE237117-5FFB-16B4-A5CD-B4C9AB13D630
2025-07-29|com.example.weather|cpc|aff_4.91E2|JP|BA23B53B-09F0-1880-5D70-11CAF9888D36
2025-08-06|com.example.game|social|aff_1.07E2|DE|F189BB5C-32C1-5A49-BBBC-FFB79C1E4887
2025-08-10|com.example.shopping|social|aff_9.96E2|FR|A62DE441-E213-2239-E566-D02E4758A6C0
2025-07-26|com.example.news|social|aff_7.33E2|US|50314D5C-8552-F9C9-2470-F4EE02BA13AB
2025-08-09|com.example.shopping|organic|aff_2.61E2|DE|B51AE025-0120-9C78-50BA-ABFB6C54715E
2025-08-10|com.example.shopping|cpc|aff_7.45E2|BR|F0E40B15-3235-37EB-7334-74FFEF0DD00E
2025-08-01|com.example.weather|organic|aff_8.85E2|US|F7A9EEC9-F5AD-9CA0-4FFD-201499F2F2F3
2025-08-09|com.example.social|social|aff_8.95E2|JP|F479C3F4-484A-59C8-DE3A-72C78462046F
2025-07-29|com.example.game|cpc|aff_1.03E2|DE|B327FF6A-1AA9-BD1E-D125-A3E757E9E2A4
2025-07-16|com.example.social|organic|aff_5.01E2|CN|30796E1A-A9A3-DF55-F4D5-426BBA743430
2025-07-25|com.example.social|social|aff_7.16E2|DE|FD66B2DB-0017-3D72-9C53-C3AAFCF977DC
2025-07-23|com.example.weather|cpc|aff_1.88E2|CN|F9F3FE01-D23C-5970-C600-A4A579B67228
2025-07-24|com.example.weather|email|aff_2.87E2|CN|97DA3B91-359E-D117-FD2A-DA97899FC1ED
2025-07-31|com.example.social|social|aff_8.39E2|UK|70E71928-E1EC-A09D-6950-1CBD10327D16
2025-08-09|com.example.game|social|aff_8.34E2|IN|889F94E9-4575-B6B3-13B5-45A897882B23
2025-07-31|com.example.social|organic|aff_4.76E2|US|A97AA6C1-DD60-5D30-9AB5-53FA9971C0AC
2025-08-04|com.example.social|email|aff_2.5E1|IN|F1F75101-596D-4729-0EEA-5306DB3E8C72
2025-07-22|com.example.weather|social|aff_1.16E2|FR|ECA81609-2BEE-8417-1865-6DF63AE21C6B
2025-07-18|com.example.social|organic|aff_2.34E2|FR|EB06C7BB-5A6D-0F4A-4678-BC6AF421F760
2025-07-20|com.example.news|organic|aff_4.75E2|FR|7FCF9D26-50B0-27E1-D2C6-2CB850003C92
2025-07-28|com.example.weather|email|aff_8.1E2|UK|CB55A907-B5A3-FF7B-454F-A0BA4500CD86
2025-08-05|com.example.news|cpc|aff_5.71E2|CN|95CF2BA6-B1EC-2BAB-BBE6-02FC5CB86953
2025-07-18|com.example.game|cpc|aff_6.74E2|AU|25583A92-636F-DB04-FB6B-7D8C6D37E071
2025-07-18|com.example.weather|email|aff_7.67E2|FR|12E4EC60-A49F-E67B-92E0-FED74C3F2073
2025-07-27|com.example.game|cpc|aff_9.7E1|UK|E8335FA9-FE93-315C-4444-CFE84D86CEF3
2025-08-11|com.example.shopping|social|aff_2.86E2|BR|16FBEF6D-C030-D6E7-2C3A-F59A201AE67F
2025-07-13|com.example.shopping|social|aff_7.77E2|DE|1B0D4FDF-679B-FC0B-964A-A859164664EB
2025-07-17|com.example.news|organic|aff_8.64E2|UK|9BFADBC3-95B2-FFD8-18EE-5D180D75452B
2025-07-13|com.example.shopping|cpc|aff_8.0E0|FR|4E20F890-D5F5-3CCC-508E-FB2433B1441E
2025-07-21|com.example.game|email|aff_9.18E2|CN|76CC7EF9-D17D-8DF7-6840-34CF3014B02E
2025-07-23|com.example.shopping|email|aff_7.65E2|BR|DB4BED37-78E5-272D-90B5-3CC99E19013D
2025-08-08|com.example.social|social|aff_5.36E2|CA|014B3435-9AFD-96E0-0B23-F8DE02F43FE1
2025-08-05|com.example.weather|organic|aff_5.88E2|DE|2506CEED-C31F-1851-C72B-7295C404E5DE
2025-07-19|com.example.social|email|aff_7.74E2|US|784D63CE-F4DC-AB50-0D8F-53151716E3A3
2025-07-23|com.example.social|cpc|aff_9.31E2|CN|6670075F-E014-E61E-46AA-1CDE805BAA48
2025-07-27|com.example.shopping|cpc|aff_4.41E2|DE|C3C9B44D-1750-E219-0807-BB3E4A7DA4F8
2025-08-04|com.example.game|cpc|aff_9.68E2|CN|3D8DA5B9-9901-4540-3830-AB77A2C629C7
2025-07-20|com.example.news|email|aff_9.47E2|CN|26640B0C-D0D6-00E9-B290-7B13D356E15F
2025-08-06|com.example.social|organic|aff_2.62E2|FR|2BE2782F-E3CC-05F1-1EEF-055BA2851A44
2025-07-23|com.example.game|social|aff_8.95E2|US|04957AC0-456D-44BF-EE2B-6AD98B09C51C
2025-07-17|com.example.shopping|organic|aff_7.0E1|US|976717C6-638E-096C-9D3B-C1939E56C972
2025-07-28|com.example.social|cpc|aff_6.69E2|UK|CD2179A1-A247-580E-8D73-A59134353AC4
2025-07-16|com.example.game|email|aff_4.9E1|AU|44C70CA0-D9D9-3BA3-6A25-F08769E0D8B7
2025-07-19|com.example.social|organic|aff_3.04E2|CA|65EA29BE-95C3-A198-C86F-0DE6201FD06E
2025-08-08|com.example.social|cpc|aff_7.18E2|JP|D29CD3E0-F6F0-931D-1013-DFBB00A7E9AD
2025-08-02|com.example.social|email|aff_4.36E2|FR|7DC85254-85ED-6426-B917-73814FABA57E
2025-07-18|com.example.game|cpc|aff_2.64E2|UK|0806A6AA-E44F-2877-A015-9D4490FEDEEC
2025-07-30|com.example.weather|organic|aff_8.12E2|DE|406B37D4-AF12-56EB-0A8F-26B8D4EA6FAD
2025-07-19|com.example.game|email|aff_3.62E2|CA|179CBCD5-64CC-B5C6-FD2C-A6373C0337D6
2025-07-30|com.example.game|social|aff_7.37E2|JP|F3574E1C-CAD7-2001-258F-5F8F6A3CAD66
2025-07-27|com.example.shopping|social|aff_2.9E1|UK|8966208D-2601-4DFF-E066-EAAEA426A9D6
2025-08-11|com.example.social|organic|aff_3.45E2|AU|2B6F9E28-6B52-2A86-3828-ED2B5B64A77F
2025-08-07|com.example.social|organic|aff_9.6E2|UK|D87946C6-F873-6B08-6C42-AF6A5D254EE9
2025-07-25|com.example.game|organic|aff_5.62E2|JP|9A400759-1F49-74D9-7DD2-A5D644C4EBBB
2025-07-14|com.example.shopping|organic|aff_4.68E2|CN|DB33CB4A-77C7-21F6-E50D-00DD326E673F
2025-07-26|com.example.social|email|aff_1.73E2|DE|4647B7F1-2312-7A44-E0D5-D8716ABB8961
2025-07-17|com.example.game|email|aff_2.7E1|IN|85D2F053-3069-6D53-DFD3-A99AA42AD599
2025-07-27|com.example.social|email|aff_4.79E2|FR|728C5CD1-4C2B-A0F6-08A3-FBA912290583
2025-08-08|com.example.shopping|organic|aff_3.17E2|JP|C4BC8721-9CD0-C7A3-F54F-2A78A04A4183
2025-08-07|com.example.news|email|aff_4.0E1|DE|D7F87B93-0970-8F1E-02A0-66C690640D99
2025-08-06|com.example.weather|cpc|aff_7.3E2|JP|DAB5198D-E7CE-D738-3F84-E9F07CF16A66
2025-07-29|com.example.weather|cpc|aff_2.99E2|JP|EE24AC11-B57D-5CD6-8CE3-4E0CB9B3F22C
2025-08-05|com.example.news|email|aff_5.02E2|JP|89BBE449-E26C-F9FC-E1AC-B3C745690C38
2025-07-21|com.example.shopping|email|aff_6.7E1|CA|7EAAA826-E6CA-BCA3-31B4-17CAB90956AC
2025-07-25|com.example.game|organic|aff_8.6E2|DE|6586523A-D870-CF61-3FE6-9C2F8C501C14
2025-07-23|com.example.social|organic|aff_7.0E0|AU|A375929A-979F-A148-4893-4981BA4233D5
2025-07-23|com.example.news|cpc|aff_3.77E2|JP|DCEFEB65-C107-19FF-CFDD-7ACAA1D07D85
2025-07-20|com.example.shopping|cpc|aff_9.74E2|CN|89AB3D1C-F689-E28F-1424-1DFA04BE2566
2025-07-13|com.example.shopping|email|aff_6.04E2|AU|5D1E32BE-0FA9-8B33-4674-4625FE669AB1
2025-08-04|com.example.social|email|aff_1.01E2|CA|B60CECE6-B6A0-E368-4B14-5CF83E98B637
2025-07-16|com.example.social|cpc|aff_4.0E1|JP|64BA80B4-2E57-47A8-4BB1-8A29AE8A81B9
2025-08-02|com.example.weather|organic|aff_4.38E2|DE|121A8330-3E50-25C6-F4A8-18C1470ACEA5
2025-07-13|com.example.social|cpc|aff_9.7E1|CA|A9D9BF5B-7651-8060-42FC-644DD5E0C63E
2025-08-06|com.example.shopping|social|aff_3.9E2|CA|0D5C44FC-D8FA-350D-8D56-34EB7AC0A280
2025-07-27|com.example.game|social|aff_9.08E2|DE|2A11845B-43D5-D271-5922-1A24EC1BFA5B
2025-08-02|com.example.news|cpc|aff_2.44E2|IN|C5E1A826-579A-A69A-183A-42B9BBB50EA7
2025-07-26|com.example.social|social|aff_2.89E2|DE|F0867936-1627-0C86-2C6F-1227D2B2F0A2
2025-07-19|com.example.news|social|aff_6.29E2|IN|DF1EEB46-065E-F40E-F0BF-23231D8D8DEE
2025-07-20|com.example.social|organic|aff_6.3E1|FR|F5CAEC82-8235-62E3-2D90-ADBC7FBA2F13
2025-07-26|com.example.news|cpc|aff_3.05E2|CA|CE6497DD-2308-BEEF-8DAB-F9A8D316794B
2025-08-05|com.example.game|social|aff_4.8E1|BR|DA588061-AF61-EAA3-08CC-803512A048B4
2025-08-02|com.example.news|cpc|aff_1.35E2|AU|D11F9AE9-4545-E26C-6986-CCCDE1BD2BEA
2025-07-29|com.example.news|organic|aff_8.98E2|FR|1B27D28B-4B87-618B-9A5C-0BD622F6BF38
2025-08-04|com.example.weather|cpc|aff_1.63E2|CA|6E7C5397-DC30-5CA9-2BFD-33ABCEDDE28B
2025-07-22|com.example.game|email|aff_5.67E2|AU|F61DEF76-278D-14BA-DA45-9A5A55188905
2025-07-26|com.example.game|cpc|aff_8.9E1|UK|5FFBA31B-0E87-D998-5942-9FA4A8BFE626
2025-07-25|com.example.social|social|aff_8.07E2|UK|34A17279-39C1-6C44-2D18-6FB86BAD5CFB
2025-07-17|com.example.shopping|cpc|aff_2.8E2|IN|D1725AFA-AF08-9E8A-13DA-FA48DB704984
2025-07-27|com.example.shopping|cpc|aff_7.66E2|FR|1FA23A75-2090-C36A-C40A-E31B1B7DE21B
2025-07-26|com.example.social|email|aff_6.99E2|AU|57ABCDDB-9603-3B56-E7B5-ACA76CF302E5
2025-08-08|com.example.social|social|aff_7.2E1|JP|F3F49F29-1167-4BA6-324C-3DAD15A7E09C
2025-07-15|com.example.shopping|cpc|aff_8.15E2|IN|20641DEA-11E6-03B8-7F05-D9073ED030EE
2025-08-01|com.example.game|organic|aff_8.8E1|IN|302B1EA4-EAC4-5255-50FF-4F07E9241EA7
2025-08-03|com.example.shopping|social|aff_9.55E2|DE|13D1AA10-E62F-DD3D-ECA8-EBEEDAD40E91
2025-07-28|com.example.shopping|email|aff_3.48E2|IN|02880F40-6767-E6C1-4799-2BF25B296704
2025-08-10|com.example.game|cpc|aff_4.18E2|FR|D0248505-2E8D-21DE-3CBD-3B81D0BB5D7C
2025-08-05|com.example.social|cpc|aff_9.2E2|JP|B0D7D868-3D58-C03C-50F9-AB8BA8E8DFCB
2025-07-18|com.example.weather|organic|aff_2.85E2|CN|264A9244-6BFD-6FF0-8218-F923E2490C76
2025-08-05|com.example.news|organic|aff_1.49E2|CA|4115C2D4-E532-D706-3B0A-01A39B3016C0
2025-08-04|com.example.weather|cpc|aff_5.59E2|JP|E88C7D59-5E1D-3715-966A-3A52AAB15DB4
2025-07-27|com.example.shopping|organic|aff_3.99E2|CA|9B253A82-5276-7DC3-F8D0-F5EC50253CDC
2025-07-26|com.example.shopping|email|aff_1.83E2|AU|0C3E84C6-60E8-A529-45ED-45284428623C
2025-07-14|com.example.weather|organic|aff_2.86E2|JP|77C003FA-FA6C-2642-0D25-CAB5F1AC95EF
2025-07-31|com.example.news|cpc|aff_5.92E2|FR|521B8885-6D7E-60FF-BB01-E48C3120CF42
2025-08-08|com.example.game|email|aff_3.54E2|US|DDB18368-6881-EB6C-AAE9-B26BFB7EC44D
2025-08-08|com.example.game|organic|aff_2.47E2|AU|44FEE909-C0FE-1E70-FA0E-5A00A8DE3FFF
2025-07-15|com.example.weather|email|aff_7.65E2|CN|ED3943EB-2FD3-C2E8-3BFA-B2BB936F3F9C
2025-07-13|com.example.game|email|aff_8.13E2|IN|7360C17B-290F-F112-BA63-115DF1B24F0E
2025-08-10|com.example.news|social|aff_4.95E2|US|36061D6C-8E57-9972-B4D4-236C4E42E3D5
2025-07-22|com.example.shopping|email|aff_8.76E2|DE|E5114D99-F56C-B09F-F210-CD7A7CE38FDE
2025-07-25|com.example.weather|social|aff_9.0E1|FR|02A89BD4-FCAE-A219-137C-D8809AE41B38
2025-08-02|com.example.social|social|aff_7.1E2|FR|C2641B01-CA63-F458-0857-4344C06B5634
2025-07-28|com.example.news|organic|aff_3.01E2|CN|4C58853D-380C-6ADF-3075-92B334DB7510
2025-07-20|com.example.weather|organic|aff_8.63E2|US|3004519D-AEF0-E110-8A52-E076B060B14D
2025-08-08|com.example.news|organic|aff_1.39E2|BR|0ABBD3D4-5564-3407-7A7F-8DB1CEECAD65
2025-07-18|com.example.weather|social|aff_5.45E2|UK|D461A491-6FEA-E83F-38C5-A4C941AC6F54
2025-07-29|com.example.news|email|aff_6.8E1|CA|3EF3C15E-CFE0-B1F9-C184-1E37CBAA3BC7
2025-07-16|com.example.shopping|email|aff_6.92E2|CN|ED26C552-04E6-9C17-7872-7EE4F34C7286
2025-08-11|com.example.shopping|social|aff_7.16E2|UK|55B79D2F-DD54-F8FA-C011-BECE5C7818E3
2025-08-02|com.example.weather|cpc|aff_5.23E2|UK|44AB2A55-9AF1-342F-5004-2C44F7A625B9
2025-08-05|com.example.weather|email|aff_1.57E2|FR|608F0191-4DF4-C3EA-F2CD-908ABE80D9D8
2025-07-14|com.example.game|email|aff_3.0E2|JP|B832A971-2884-C6FA-6365-BAC2471A905D
2025-07-24|com.example.news|social|aff_8.84E2|CN|2942FB47-7CAE-A72B-AD1C-F3F640E1F8D2
2025-07-29|com.example.game|email|aff_5.6E2|BR|BB03B7A0-D97B-6F75-750B-707FFB67FABA
2025-07-30|com.example.shopping|email|aff_6.2E1|JP|AD45B576-7D55-AF84-9FF8-37719DFA422A
2025-07-23|com.example.social|email|aff_4.38E2|DE|189E41E8-11D0-63C2-3FFD-B6FA5A4F1640
2025-08-07|com.example.shopping|organic|aff_5.71E2|BR|176DCDA3-572D-0EA0-12EC-322AC12692F8
2025-08-06|com.example.weather|cpc|aff_4.87E2|UK|09D1F6D3-4625-EB6B-56E6-739AB7FDBAD5
2025-07-30|com.example.weather|email|aff_1.21E2|US|7A30F54E-277C-1E71-894E-F76746FA009B
2025-07-16|com.example.shopping|email|aff_4.33E2|US|DE46DFBE-8BA1-142C-8E65-38A89FD888BB
2025-07-20|com.example.shopping|email|aff_8.38E2|DE|C18B121D-E873-8F7D-D862-1B379800EBD6
2025-07-24|com.example.weather|cpc|aff_7.24E2|JP|6A999B47-98CF-EBC3-848F-A645AE5389F0
2025-08-08|com.example.weather|organic|aff_4.97E2|US|9740FD0B-A625-FC3D-C00B-F987B5FF0CFD
2025-07-30|com.example.game|cpc|aff_8.08E2|US|FC80D061-D105-10C2-45F8-4993E33DFDCE
2025-08-10|com.example.news|social|aff_2.85E2|JP|304B40C1-C64F-8889-D95B-F3EDF86C8FC7
2025-07-18|com.example.news|organic|aff_6.7E2|CA|240403A8-B5D7-B562-3AF8-B63F8F61E7BA
2025-08-01|com.example.game|organic|aff_6.8E2|UK|9DB96B46-7961-CE45-1B8C-6603B67EB8DF
2025-07-14|com.example.weather|social|aff_7.7E1|DE|AB89EEB1-47B5-CB73-BD60-5F5E9AF1A091
2025-07-26|com.example.news|social|aff_8.26E2|CA|AB0A0ADF-44F5-4004-E742-8F4FD1365129
2025-07-16|com.example.news|organic|aff_2.51E2|CA|8C9370C9-A963-FEC3-87BC-46067A230BA9
2025-07-14|com.example.game|organic|aff_1.74E2|JP|2245E725-8659-0EF3-654A-C7A96FEF74D2
2025-07-13|com.example.social|organic|aff_4.32E2|CA|6BA12686-55C2-03E6-4C6E-35F1AE556C3A
2025-08-08|com.example.game|organic|aff_2.88E2|CA|1D75FA3C-0040-DC94-7502-AF6078A9CBE7
2025-07-13|com.example.social|social|aff_2.95E2|FR|9C2E32FA-A63C-1B1A-1B49-4AF0774E767D
2025-08-10|com.example.game|organic|aff_2.3E1|AU|01BC3871-578B-6154-6AB6-E1886EAF5960
2025-07-15|com.example.social|social|aff_5.0E0|BR|3F511363-0A45-EB8F-AC84-9E681A3A6D0D
2025-07-25|com.example.news|organic|aff_9.63E2|IN|BBD07CD4-E63C-35FF-C1CD-9355803449AC
2025-08-02|com.example.social|email|aff_3.19E2|UK|BDE858D2-821B-92E0-31F4-657A4B4A90ED
2025-07-24|com.example.shopping|organic|aff_2.23E2|FR|820E32EC-ED6B-9652-B73A-3C79E2BB23B9
2025-07-24|com.example.news|organic|aff_9.63E2|FR|F2E2B7D8-6571-D47A-88D9-E8A494FC88F3
2025-07-31|com.example.weather|email|aff_2.99E2|FR|DF89DAD6-41A9-4621-5558-FD05283C55EF
2025-07-26|com.example.game|email|aff_7.69E2|UK|940856EA-F504-209C-4B6B-00BCE48AA814
2025-07-31|com.example.game|email|aff_8.24E2|BR|EFE721F3-9799-0073-55E7-19347F6976D7
2025-07-17|com.example.weather|organic|aff_4.67E2|JP|77F29393-B506-3148-2321-23F4B88BA99C
2025-07-23|com.example.shopping|cpc|aff_7.9E2|JP|38DE7353-64EC-6144-7872-24CBE7A83927
2025-08-03|com.example.social|cpc|aff_9.62E2|CN|1C295B6C-77B6-E47C-1B91-AE0CEA7C7788
2025-07-29|com.example.news|social|aff_4.4E1|CA|D220CF2A-A1E3-20BA-D479-12B711528A6A
2025-08-07|com.example.game|social|aff_7.43E2|BR|9638CFEA-C91B-7971-FDEB-5E0959B8C0B4
2025-07-30|com.example.news|cpc|aff_5.09E2|JP|0FD68C7C-4B49-818B-3CE8-2D870FA62C6B
2025-08-06|com.example.shopping|social|aff_8.12E2|CA|72B9841B-BE9F-7E0D-B10A-436292A47B18
2025-07-30|com.example.shopping|social|aff_4.57E2|IN|FCE0994E-4D04-E9AD-0BD5-7B823E28C54C
2025-08-06|com.example.shopping|organic|aff_8.21E2|IN|C21F1A0A-5904-6832-C06C-3A4D281B7FC6
2025-08-03|com.example.social|cpc|aff_6.9E2|IN|C3F7C2CC-9FD5-9F81-FB6C-264D0266ACFF
2025-07-17|com.example.social|organic|aff_3.15E2|US|4268DD5C-2186-87C5-42A1-38FB507E9A81
2025-07-28|com.example.shopping|organic|aff_9.9E1|US|11FFD70F-A6FC-D83F-C022-772441546B11
2025-07-24|com.example.news|social|aff_8.02E2|AU|75F86894-1472-4607-F3F7-A7405D23C865
2025-07-18|com.example.social|organic|aff_7.29E2|CA|B2B8A7A7-1F49-B9FB-63A0-D86985766C7E
2025-07-20|com.example.shopping|social|aff_5.5E1|FR|B1E0A2C8-E2E4-86D7-DAE3-623822286FD5
2025-07-27|com.example.news|organic|aff_1.26E2|FR|780279C1-11EF-3845-5F3A-2EC9590340DB
2025-08-05|com.example.shopping|organic|aff_3.46E2|JP|9FD41562-DCF1-07F9-C34D-5008B398CFA8
2025-07-26|com.example.game|social|aff_7.38E2|CA|64F83611-1412-4BD6-AB6B-F63DBDD5AA6A
2025-07-15|com.example.news|social|aff_6.96E2|CA|C5710FB6-EDB3-E976-5A40-E8241416550D
2025-08-05|com.example.game|email|aff_5.66E2|US|69D76290-EE78-1EB4-B277-422EA608EEC3
2025-08-05|com.example.shopping|social|aff_3.19E2|US|5C07F76D-1784-C17F-84FE-E7606546767E
2025-08-04|com.example.news|organic|aff_7.41E2|JP|5C80381D-D211-8B27-088C-1BD0CEF99E25
2025-08-04|com.example.game|organic|aff_7.81E2|IN|73DBB104-35FA-5AEA-D756-12BDFF8D3593
2025-07-16|com.example.social|email|aff_5.0E1|FR|C518D030-F4EB-4612-D93E-EB297EFD0DFA
2025-07-29|com.example.game|cpc|aff_4.72E2|CA|97B13C1C-DF3F-6368-E37E-8D8C4CE33CDE
2025-07-18|com.example.shopping|email|aff_4.81E2|CA|04C2E513-EBD2-35CA-1C87-DEDCD612BCA3
2025-08-04|com.example.weather|cpc|aff_3.0E1|JP|D937CC1A-A394-68EF-CFF6-BA4006903EB6
2025-08-02|com.example.weather|cpc|aff_5.61E2|UK|CB4F5D44-F58D-E972-5BB6-034FF0617A4E
2025-08-11|com.example.weather|social|aff_2.25E2|AU|EB476633-8A0D-EB03-E669-EF4453838BDD
2025-08-10|com.example.news|social|aff_7.25E2|JP|8150E0AC-010F-AA92-412E-2BBDF336D0DB
2025-07-19|com.example.social|email|aff_2.5E1|US|49C89FF7-AC3B-2987-4463-3BACD0809A50
2025-07-20|com.example.weather|organic|aff_1.57E2|BR|2953C00D-27F9-EDCC-CAFD-AAF7A7322A8F
2025-07-29|com.example.weather|email|aff_7.58E2|DE|2150B6DA-DF1D-8459-ACC0-4D4C1A1E0E91
2025-08-08|com.example.news|cpc|aff_6.62E2|BR|BCFE41EB-9A05-C49C-87EC-02661D2870A8
2025-08-10|com.example.weather|cpc|aff_3.32E2|AU|2785AEEC-49D0-6B37-9CBB-78473023CA29
2025-08-02|com.example.shopping|social|aff_7.5E2|CN|0B18DD8D-9FFF-F95F-A9F0-3EEC64B1C79F
2025-08-09|com.example.shopping|social|aff_1.94E2|AU|5F2A4D67-52B2-ADC7-5F55-982A13B91E7B
2025-07-19|com.example.social|social|aff_8.55E2|FR|4A53CC0F-8ECA-91FC-EA5C-B258E2CAAC1C
2025-07-20|com.example.social|email|aff_8.29E2|AU|C2EB28AD-107B-EE60-2FC9-4C98F2E1D9D5
2025-08-10|com.example.game|organic|aff_9.84E2|IN|6B8A65E0-E1D7-2687-656D-D7EDFD38762E
2025-08-10|com.example.game|cpc|aff_7.86E2|AU|B5279DF7-1C27-911C-53B0-33A698F37AF0
2025-07-31|com.example.social|cpc|aff_5.37E2|JP|0EB01723-3485-99CE-9009-949E97D00BDA
2025-08-01|com.example.social|email|aff_1.2E1|CA|63609B76-3DE3-8C7C-34DB-645DAEF31BEF
2025-08-04|com.example.news|cpc|aff_9.08E2|DE|1F23FFB4-0363-4FD1-E593-321826AE6D12
2025-08-09|com.example.weather|social|aff_5.88E2|JP|C76B7720-A0ED-6FDD-744A-3C0E8FB01509
2025-08-11|com.example.news|email|aff_7.79E2|FR|CF9B8A98-FCE5-2ADA-50DC-D8BFBA2139EF
2025-08-08|com.example.news|organic|aff_8.28E2|UK|4387B51C-01D3-5370-8AE6-AF652C2F2EBD
2025-07-16|com.example.shopping|social|aff_2.15E2|BR|441EC752-13B3-9CA4-207A-52B9B73309DE
2025-08-09|com.example.weather|organic|aff_4.58E2|IN|C16528A7-0CC5-EAC6-0E1C-B7062E559A79
2025-07-18|com.example.news|cpc|aff_6.93E2|CN|D7E4FC9F-33E4-5B65-3327-5E9C0A989A9B
2025-08-01|com.example.news|social|aff_7.39E2|AU|6F2AE2CF-7D1D-9849-8C80-4015562E0675
2025-07-14|com.example.news|organic|aff_6.16E2|JP|9CF28BAF-94A7-5423-6AE0-5F6A55D3F054
2025-07-28|com.example.game|organic|aff_2.71E2|CN|A304BFD1-FD33-71D4-FE1A-38175BB4DD94
2025-07-26|com.example.news|social|aff_7.44E2|JP|42F37DBE-F4F9-724B-289A-9ABCA9FC0573
2025-07-21|com.example.news|email|aff_6.42E2|CA|2E7C777C-784A-AFFC-6E54-EEB9B591CE0C
2025-07-25|com.example.weather|email|aff_4.88E2|CA|405213D2-D7D5-FCFA-8BF1-CD527FACACDB
2025-07-13|com.example.game|email|aff_9.55E2|BR|47C16DA8-F29F-E5B4-45AD-9EDAC6FFEF45
2025-08-11|com.example.social|cpc|aff_5.2E2|IN|72F5EA79-769B-B145-C8E0-5289F360CF64
2025-08-09|com.example.social|organic|aff_4.35E2|FR|AAF310A1-1E9E-848E-4A8E-9AEA6CF7EB0A
2025-08-01|com.example.weather|social|aff_3.61E2|US|39ABD002-58DA-452C-EAEB-224305F3D814
2025-07-18|com.example.game|organic|aff_8.28E2|UK|AB88D6B7-F631-EF5A-8503-48BCFE5809EB
2025-08-09|com.example.news|social|aff_1.03E2|IN|03548117-6F7A-6AE2-A9A5-FBAAD196F493
2025-07-14|com.example.shopping|email|aff_7.27E2|AU|33F12B94-A999-1FD9-F391-61FB645D1F2C
2025-07-26|com.example.shopping|social|aff_5.79E2|BR|6DF5C3C0-266A-99B5-C223-DFAEE597B2C6
2025-07-13|com.example.news|cpc|aff_4.27E2|IN|D687A3BB-D69F-D92C-EE91-733702DA4B6A
2025-07-14|com.example.weather|cpc|aff_9.37E2|AU|D5BF7B01-542F-94AD-F57E-C0038CCF61D0
2025-07-27|com.example.game|organic|aff_1.05E2|AU|9E6CDA25-9155-7E5F-499E-F8E75A6BFF11
2025-08-03|com.example.weather|cpc|aff_8.42E2|IN|060F4F5B-380A-D70E-0794-786FA395D882
2025-07-28|com.example.weather|social|aff_2.35E2|CA|82F69B13-D6D3-74F3-329C-EDDDBE5AC9D5
2025-08-02|com.example.game|organic|aff_6.16E2|UK|C6EB93D5-01CD-C394-DAE1-20F3FEE1CC94
2025-07-31|com.example.shopping|email|aff_6.43E2|CN|C8FD67CC-91EF-8CBB-CEE4-40B79B075313
2025-07-27|com.example.news|social|aff_3.65E2|BR|1ABEC96D-4A53-9B1A-5374-67A831FDF7FE
2025-07-18|com.example.weather|email|aff_7.77E2|JP|F1275EFE-4D29-1D1D-18DE-39B26B58B1C3
2025-08-01|com.example.shopping|social|aff_6.73E2|IN|49E788C5-CE4C-2515-232F-17B46F5F8367
2025-08-02|com.example.weather|organic|aff_2.61E2|FR|C20B5E00-1365-3750-F2F7-B46B83A57F97
2025-07-15|com.example.social|cpc|aff_4.31E2|IN|C83ADA5E-439E-12DE-F526-283BD1310B66
2025-07-21|com.example.game|cpc|aff_8.02E2|US|25F44160-9294-535D-5EDF-644453D6CB8F
2025-07-14|com.example.game|email|aff_6.79E2|FR|92FEAAB8-5434-B825-6B6F-9127B4961DEC
2025-07-19|com.example.game|cpc|aff_2.52E2|CA|2B2ED258-342F-E76B-4227-B18EF4AF538E
2025-07-16|com.example.social|email|aff_3.7E2|US|4C93C5D4-E01B-3FB0-2D20-DC6BC52ECDD3
2025-07-23|com.example.news|social|aff_7.05E2|US|C8879CE1-6FFF-33B8-8228-96007D2AEECF
2025-07-17|com.example.news|social|aff_8.67E2|CA|2260C73C-D1D4-5FA9-E551-8F9770F76978
2025-08-11|com.example.shopping|organic|aff_3.13E2|CN|D66ABE8C-9CEC-EBEA-B9DC-35F0E648DEBA
2025-08-11|com.example.shopping|cpc|aff_4.8E2|AU|9F40EFEE-3266-8AC2-BF08-19C16E0A9A99
2025-07-19|com.example.game|social|aff_3.09E2|US|056F2CBC-F99C-1076-D7BC-8089905AA3DE
2025-08-10|com.example.weather|cpc|aff_9.33E2|US|40B4EA8B-D424-59D4-6E6B-9FB6547BB212
2025-08-05|com.example.shopping|organic|aff_3.11E2|BR|E2FBA55B-D188-3402-07E3-E7EA3A333755
2025-07-31|com.example.social|cpc|aff_4.0E2|FR|7EE360CC-6E99-286A-E907-B3A0DFADCF0F
2025-08-02|com.example.game|cpc|aff_4.12E2|JP|00E13D92-D8AC-FF19-BBC1-C742CC1C91FA
2025-08-10|com.example.shopping|organic|aff_8.82E2|JP|23B16EF3-F9B3-F944-9686-FD235581B4A0
2025-08-07|com.example.shopping|email|aff_7.8E1|CN|443CED40-532B-80BB-7A00-60B79090C98C
2025-07-15|com.example.shopping|cpc|aff_4.98E2|DE|BF0C0616-21EA-775B-078C-2825306078FD
2025-08-10|com.example.social|organic|aff_5.04E2|CN|30A5062C-6DE6-8A1C-FAC0-ACC51F563E9F
2025-07-22|com.example.news|organic|aff_1.59E2|CN|D0589D44-4DEB-6B9C-B49C-61ECBD3C2171
2025-07-30|com.example.game|cpc|aff_4.65E2|CA|E11840ED-7F8A-F12C-C90F-BF74D64BC4BB
2025-08-01|com.example.shopping|organic|aff_4.75E2|JP|12D1700B-DCD0-8BD3-8C0D-3E529CB3E87E
2025-07-18|com.example.game|organic|aff_1.85E2|CA|6F2035D8-CF30-FA47-8CEF-0FB986ACE913
2025-07-14|com.example.weather|organic|aff_5.94E2|JP|791E5DFE-99D2-AD89-A9C4-A3B347D5A8C9
2025-08-04|com.example.shopping|cpc|aff_6.7E1|AU|52F16895-E2A5-5099-C49B-F5ADB10F30E0
2025-07-22|com.example.news|cpc|aff_6.1E2|IN|F0C6F468-7067-9262-2708-78620B50436A
2025-07-13|com.example.weather|social|aff_9.22E2|CN|32109CC9-0E48-FBB2-AE03-B2C7FE431660
2025-07-26|com.example.game|email|aff_3.06E2|US|8A7E2DA2-7182-DBC6-E712-0B1C51503D19
2025-08-03|com.example.social|cpc|aff_7.43E2|UK|2B8CF598-4BA3-D656-F00F-F30473508F4A
2025-07-30|com.example.shopping|cpc|aff_4.35E2|FR|731168D4-D968-D703-8DAE-17CCA8E9334D
2025-07-16|com.example.shopping|social|aff_5.01E2|FR|66993B3A-7EEF-0C70-B30F-4E81CD64BA5D
2025-08-09|com.example.news|email|aff_1.64E2|UK|DE6AA4C0-51D9-E965-0A2C-26C85C3033DA
2025-07-13|com.example.game|cpc|aff_4.26E2|JP|E77B2ECA-E0F9-1666-3701-5429C1AB949F
2025-08-05|com.example.social|email|aff_3.11E2|CA|C545D8F2-A57D-3A32-F694-BCFE69DE3EFE
2025-08-08|com.example.weather|email|aff_7.09E2|US|09E2EAD7-BC37-3388-690C-F67715843A6A
2025-08-11|com.example.news|social|aff_5.77E2|CN|989E93CD-863B-9A1B-7463-704504181204
2025-07-20|com.example.news|social|aff_5.09E2|DE|68488445-9505-BB04-513E-A6721A1F37DE
2025-08-05|com.example.weather|email|aff_7.82E2|FR|583F45B2-A699-E05D-BE33-11067F9701CA
2025-08-08|com.example.game|organic|aff_6.85E2|UK|4DC63A5A-B195-4A35-96B7-C904727CFE06
2025-08-08|com.example.social|social|aff_8.33E2|CA|73BECD0C-FD59-3858-671B-E1E44686585B
2025-07-21|com.example.game|organic|aff_6.4E1|US|57EE8A68-4347-7EB2-6B60-28E94C27D6E9
2025-08-10|com.example.news|organic|aff_7.41E2|CA|5D40055F-1775-F24E-47B5-A1EE03974133
2025-07-14|com.example.shopping|cpc|aff_1.54E2|DE|4146F2C4-725B-1229-45E9-1026B4B907D0
2025-07-16|com.example.weather|social|aff_2.0E2|FR|C4EEDC6B-C3E4-D00B-B079-D81BD2C16E1D
2025-08-09|com.example.shopping|social|aff_8.7E1|IN|FBE4CB38-1799-082A-0C67-40B3C125690E
2025-07-14|com.example.news|email|aff_5.34E2|JP|38F11268-F39F-38FE-7DB4-3D0342869263
2025-08-02|com.example.social|email|aff_3.37E2|JP|D523466A-88C7-85DF-3AA1-169B289E87A3
2025-07-29|com.example.shopping|social|aff_8.5E1|US|6D9223AD-6DAD-A402-B54B-BB0BC8BCB3C8
2025-07-20|com.example.shopping|social|aff_1.82E2|CN|B93026CE-C23A-DC1A-31C8-622ED41E5D76
2025-08-05|com.example.social|social|aff_8.46E2|CN|563AADA4-CB5B-EA84-C699-5C6F7D34D80B
2025-07-26|com.example.news|email|aff_2.59E2|DE|D1239270-F28C-D694-4887-C3E96268A3D8
2025-07-19|com.example.weather|cpc|aff_9.8E1|IN|B22E848C-BE0B-5643-781D-E523C45AF18F
2025-07-25|com.example.news|social|aff_3.97E2|IN|FDF9D5B1-D2E0-D053-F813-12C47F208324
2025-07-15|com.example.social|organic|aff_4.65E2|UK|88D744BE-B20C-7612-BB15-5B89F230089E
2025-07-27|com.example.news|email|aff_1.13E2|JP|2C2A13E7-FD58-CF58-E5B5-8E65BB71CDD4
2025-08-06|com.example.news|cpc|aff_1.01E2|FR|E9611AEB-62BF-DBA7-9E48-2AD7FC74CB8C
2025-07-19|com.example.news|social|aff_7.59E2|CN|45450E8D-9AD9-4F53-B713-E33501BA3750
2025-08-02|com.example.news|email|aff_8.17E2|AU|F2117A33-7D19-CC36-73B8-1479E5A3112C
2025-08-11|com.example.shopping|social|aff_5.72E2|CA|CCE7B2F4-E50F-CA96-D1F8-B84B89A6E378
2025-08-05|com.example.weather|organic|aff_8.88E2|AU|8F4899EA-7848-B26D-C69D-A90C9DCCA385
2025-07-18|com.example.social|cpc|aff_1.69E2|US|190E37A1-2E56-E17A-9609-CF4594E5C314
2025-08-01|com.example.shopping|social|aff_2.68E2|AU|698C56DD-49DD-5D1D-F0FC-44E4B7F13343
2025-07-24|com.example.social|email|aff_1.15E2|CN|491B6FE9-7E25-8653-3649-26E71969C1FE
2025-07-18|com.example.game|social|aff_2.07E2|FR|985C1758-D60F-9898-D28C-BE158B803E30
2025-07-20|com.example.news|social|aff_3.91E2|AU|CF3CA465-A49C-2CF8-9CA9-785278BF59A4
2025-08-04|com.example.social|cpc|aff_5.33E2|DE|D7B712D7-302B-14AF-FC76-A543DEE6B09E
2025-08-09|com.example.weather|cpc|aff_7.55E2|FR|06F19A2A-11A4-A387-83D0-924FD6468A96
2025-07-18|com.example.shopping|social|aff_3.5E2|CA|96AB8E8F-9D3F-1D6C-A8A5-80CBC50214EB
2025-08-02|com.example.weather|email|aff_5.05E2|FR|467973D4-6891-3470-8CEF-F3BA1FD818EC
2025-08-10|com.example.game|social|aff_2.42E2|FR|BD6BC57D-3675-C5B4-1343-899FFC0D2327
2025-07-29|com.example.news|email|aff_9.67E2|DE|B96542F2-A636-7175-1F43-3DBD69DF1422
2025-07-13|com.example.game|cpc|aff_5.0E1|DE|54B260CA-3916-EEDD-B81F-3341A3B0A66F
2025-07-15|com.example.game|cpc|aff_5.75E2|FR|2894FD57-DEE5-B7EC-7D38-6FF9BF73FA89
2025-07-27|com.example.weather|email|aff_9.0E0|US|245C40DC-6ADA-1014-738E-F4CFE7E427E5
2025-07-24|com.example.social|cpc|aff_3.67E2|US|3707476D-211B-C5F3-D314-1E6D0076E6E7
2025-07-16|com.example.social|social|aff_8.86E2|FR|4A621952-5A64-A45B-2C78-75D34F48C074
2025-08-01|com.example.game|social|aff_4.9E1|FR|7310A721-ED4E-E5F0-7808-80A1B2BBBBEB
2025-08-08|com.example.weather|cpc|aff_3.68E2|UK|B29EFC44-F009-5D73-F16E-36D66B658CE0
2025-07-13|com.example.game|social|aff_4.57E2|CA|5A13E039-99D5-4A9B-092E-C5B1CE4CA160
2025-08-06|com.example.weather|cpc|aff_2.1E2|DE|7D9E0419-5DE4-0244-15CD-F4174BABBABD
2025-07-23|com.example.news|social|aff_4.27E2|CN|CE5631A2-956E-00C4-F38C-44E8238A3974
2025-07-24|com.example.weather|cpc|aff_2.4E2|CA|5E882111-683E-1ED7-E8B4-D416E4FF3FB4
2025-07-26|com.example.game|social|aff_2.31E2|IN|FA00C8D9-8E9A-59BB-F9FA-54C9CCA7803D
2025-07-23|com.example.game|organic|aff_1.11E2|IN|AF1C275F-BC15-184C-A671-22F2232CE9A8
2025-07-14|com.example.news|email|aff_7.68E2|CA|BBE56EB4-46D6-EB33-08CB-7EECBDCEBA72
2025-07-21|com.example.news|organic|aff_5.51E2|CA|60A854E9-A139-6991-9C98-52DBA0F24A78
2025-07-28|com.example.news|organic|aff_5.22E2|IN|9D4C9A49-D7BF-7532-60DA-63BA13D60EBD
2025-08-11|com.example.weather|organic|aff_9.83E2|FR|2B5D4FBF-4769-161D-DA07-B1C81D4CE29B
2025-07-28|com.example.game|email|aff_8.03E2|UK|080C7217-1BB0-6854-97EA-E41AD7C2EE36
2025-07-28|com.example.game|social|aff_6.89E2|CN|96C7740E-90CA-9E91-1523-FFBA96A526DC
2025-08-01|com.example.social|email|aff_1.97E2|CN|CECC53B4-9831-EEAA-A659-83137E17F5FC
2025-07-29|com.example.game|social|aff_2.33E2|JP|2AF341D6-F65D-5B61-14C2-567D818DE5E8
2025-08-05|com.example.news|email|aff_1.02E2|DE|BEB961A8-91B9-2979-FF8E-DBF501E073D0
2025-08-02|com.example.news|cpc|aff_7.35E2|BR|D0CF1E01-B2DB-DA48-17AC-A41F32F422CE
2025-07-19|com.example.shopping|social|aff_5.92E2|JP|D0BC5979-52E8-AF2F-2994-280B540F1D08
2025-07-23|com.example.shopping|organic|aff_5.66E2|BR|A76BF351-CCC0-F4FF-AB71-8B7559CA6E60
2025-08-09|com.example.game|social|aff_8.65E2|US|3E874282-2451-A5C4-DF31-335DFBC26513
2025-08-08|com.example.shopping|email|aff_1.17E2|IN|3B39A567-F9AF-66B4-C2A0-17AE9C17517A
2025-07-27|com.example.game|social|aff_9.77E2|US|D3C09DF0-47AF-93D2-B114-8312E3E3743B
2025-07-23|com.example.social|social|aff_3.79E2|CA|AF014A24-17C2-8E2E-ED1E-90C229BFAA05
2025-08-02|com.example.weather|email|aff_6.49E2|US|C6149FFD-8E68-A826-4489-BA8BB39FF901
2025-07-26|com.example.news|email|aff_6.27E2|IN|40F14A44-CD9C-64EC-B831-43DF33036C6E
2025-07-28|com.example.social|organic|aff_5.96E2|CA|022C6864-EF32-5706-758A-CDA1EDEAF90C
2025-07-26|com.example.social|cpc|aff_9.0E1|CA|65E8BA3D-9A4B-CD48-66AD-E49B8BA8E27B
2025-08-05|com.example.weather|social|aff_7.08E2|CN|D6E24EA9-9AA2-CCC7-CB44-F7035448A167
2025-07-25|com.example.weather|cpc|aff_6.36E2|CA|36EF6765-B6D0-B829-688A-DCCDFA719993
2025-08-03|com.example.social|cpc|aff_9.15E2|UK|8EC4C517-B35E-B452-F083-27E15EDDF9E4
2025-07-25|com.example.weather|organic|aff_9.53E2|CN|740D7701-7828-8578-E466-A9930A02EA4B
2025-07-19|com.example.game|organic|aff_8.6E1|IN|7419F927-92D9-51E4-F155-58AEDA14388A
2025-08-09|com.example.weather|social|aff_5.51E2|JP|753C9861-CEE1-AECB-9FE6-978AAB9D7969
2025-08-08|com.example.social|email|aff_4.39E2|CN|5CE9E735-6D89-6A11-EF28-FD8E4692D6E4
2025-07-16|com.example.social|cpc|aff_5.14E2|CA|B24103E3-364C-6810-9ACA-243AA88AAF23
2025-07-18|com.example.shopping|organic|aff_9.03E2|CA|9D94CD00-C3D9-65BD-B651-BCBE2564D86E
2025-07-13|com.example.social|organic|aff_8.35E2|JP|EF0231F1-6BFD-F1A7-7B15-5132DA56497D
2025-08-04|com.example.shopping|organic|aff_9.71E2|CA|87EFB7CD-D9F6-FD56-2D18-B7FA28A8C006
2025-07-22|com.example.game|cpc|aff_3.72E2|DE|0AEB8D9E-AB4D-3F6B-E7F7-248EB2AE7423
2025-07-15|com.example.weather|cpc|aff_7.86E2|CN|80F044CD-628A-8C72-D784-48C374081F4F
2025-07-27|com.example.game|email|aff_6.13E2|US|F9E48C83-8270-19E1-BFD7-C5DFC24D4124
2025-08-06|com.example.game|social|aff_2.28E2|CN|9277E1F7-BAF3-4DCC-E629-0D54076673D1
2025-08-03|com.example.social|cpc|aff_3.5E1|JP|A1480231-451F-D66B-05DE-EC218313E431
2025-07-16|com.example.shopping|social|aff_5.7E2|IN|B7880173-A6EC-ED81-E677-BD3D844A73D1
2025-07-31|com.example.weather|email|aff_5.42E2|US|D47432ED-3F99-2434-5C1E-C08B75079623
2025-07-31|com.example.weather|social|aff_7.2E1|BR|F80C8005-960D-F546-158C-393A7F212175
2025-07-23|com.example.weather|social|aff_1.11E2|IN|DA26174B-FA56-724A-7B23-62EAB4B46143
2025-07-30|com.example.news|organic|aff_3.62E2|JP|DFBAECF2-7497-8309-4680-0F728E1A65D4
2025-07-14|com.example.weather|organic|aff_4.3E2|FR|BEDCDC4E-8DE9-ACE3-5997-86A0774EEF6F
2025-08-01|com.example.social|social|aff_8.87E2|DE|3471BE9C-6566-9184-FCCB-E785BCC5A2EE
2025-07-21|com.example.game|cpc|aff_1.91E2|IN|BD19038A-E9B8-1F00-8AEE-27771E1205FA
2025-07-18|com.example.weather|organic|aff_6.63E2|BR|3F475586-3C11-928B-DCDB-7B3D2CCF1D83
2025-07-23|com.example.weather|organic|aff_8.88E2|IN|A91A7456-8D14-7327-473B-92F11DB57DAF
2025-08-03|com.example.social|social|aff_6.42E2|FR|FAFA0BC5-060C-AED0-0EC6-911DBAFA98C5
2025-07-14|com.example.social|social|aff_8.7E2|FR|6E3CACBD-5196-FAE6-6644-C4BD9037CA1B
2025-07-18|com.example.game|cpc|aff_5.9E1|IN|0BAFEEAD-400D-EABB-3A22-9C6CEFB09A04
2025-08-04|com.example.game|cpc|aff_2.0E0|CA|599D1676-7084-9275-400B-E3362037CA6E
2025-08-08|com.example.game|email|aff_4.32E2|DE|4BE4E45B-88A0-3CE6-A0A8-BE0476CE4CB6
2025-08-03|com.example.game|cpc|aff_5.2E2|US|4190CCE7-8F2A-E7EB-6624-D9435B7372FD
2025-08-06|com.example.shopping|organic|aff_7.52E2|JP|4F6C5724-E442-241A-39DB-7772D3D7D765
2025-07-23|com.example.weather|social|aff_9.84E2|DE|91DC8D88-B384-3B46-618E-E83810D02480
2025-08-09|com.example.social|cpc|aff_5.25E2|AU|88A43335-9204-90C6-EC2E-33419774F6F5
2025-07-14|com.example.social|social|aff_4.3E2|CN|46ABFDC4-5DF8-45BD-7FFC-D1A1C55C1C64
2025-07-28|com.example.news|cpc|aff_1.12E2|JP|FFB8F06F-ED2E-FABF-7E51-7B43F2820497
2025-07-28|com.example.news|cpc|aff_7.85E2|AU|A79D9B17-DD3F-8A33-B940-969AA1962AE6
2025-07-20|com.example.game|cpc|aff_5.61E2|UK|D44099D5-A29C-B4EF-2C3F-606CB943F1FF
2025-07-21|com.example.game|social|aff_8.35E2|DE|62570C63-D47E-3624-C59F-E0089AAB595E
2025-07-19|com.example.social|organic|aff_9.16E2|DE|63A65076-7F42-66C5-32F1-FF1CA5DF54A0
2025-07-20|com.example.shopping|social|aff_6.72E2|FR|C3A67681-D1EA-E120-2A40-C40083853335
2025-07-13|com.example.weather|cpc|aff_2.7E1|UK|BBD6810D-9B9C-9B13-2D4D-8AFBCA732AE3
2025-07-24|com.example.social|email|aff_2.29E2|CN|C6A929D3-470E-23CA-2A4B-23B48F900AEB
2025-07-20|com.example.shopping|organic|aff_4.9E2|IN|99859667-2075-AC3B-BEAB-D2F8B761E5C9
2025-08-01|com.example.news|social|aff_3.12E2|DE|D861A572-D499-6ECA-4B8C-15DCFA69FBED
2025-07-22|com.example.news|cpc|aff_3.6E1|CA|3E21C561-A875-4244-C8F6-54D80D2FB5FF
2025-07-23|com.example.shopping|cpc|aff_7.7E1|JP|24ED4A30-A467-AF65-A16A-E0A5EB8417A5
2025-07-20|com.example.game|social|aff_6.82E2|CA|4B4C5182-640B-510E-60DD-481F865AC1A5
2025-07-19|com.example.game|cpc|aff_5.53E2|JP|65FD839A-4734-0F1E-5EA1-6A53D782DF68
2025-07-18|com.example.news|email|aff_1.22E2|CN|EAB4DEDE-D412-54C2-B99D-577A99E4C090
2025-07-19|com.example.shopping|organic|aff_8.5E1|US|FEFC38DA-BC1F-6721-DD35-674E3C86B534
2025-08-01|com.example.news|email|aff_4.41E2|IN|3B751964-CD19-0A64-9426-D96400BB89A7
2025-07-30|com.example.news|social|aff_1.57E2|CN|04D12976-BCE0-ADE9-A464-5DF263153639
2025-07-17|com.example.weather|organic|aff_9.95E2|AU|CA55B97F-1A8B-621E-BEEC-4484CCDBD5CA
2025-08-08|com.example.news|cpc|aff_7.83E2|DE|ACA75CA5-E030-6154-B98D-375D5155EBBF
2025-07-25|com.example.news|social|aff_1.34E2|IN|CD7125C2-CF81-450D-2288-CD9D099BBE86
2025-07-14|com.example.shopping|email|aff_9.12E2|UK|FB944B5A-5E63-4B15-528D-2BD354F51047
2025-07-23|com.example.game|organic|aff_1.31E2|DE|A061D0D9-7887-A2F0-4389-B24E5FA4070F
2025-07-22|com.example.weather|organic|aff_1.11E2|CN|2B68F5BD-83C2-3C94-C4C9-891E903554A8
2025-07-29|com.example.weather|social|aff_1.33E2|IN|148DDCFB-BE79-BF2F-AAEF-A227B6924720
2025-07-17|com.example.shopping|social|aff_8.18E2|US|CBC87F5A-3F72-87EE-1673-EFB5C026B4B2
2025-07-16|com.example.news|organic|aff_6.21E2|FR|1ACF8986-3E33-314C-76E4-9836F4AAA121
2025-08-01|com.example.game|email|aff_9.31E2|DE|D8269CFC-7802-3ACC-5273-7243696ADF0F
2025-07-13|com.example.shopping|social|aff_8.68E2|FR|5B77FA17-07D7-B237-08B2-73DF14037EE7
2025-07-14|com.example.weather|social|aff_9.5E1|BR|7C3B2B33-1EE8-A934-AB33-4056026B4AF0
2025-07-17|com.example.weather|email|aff_2.18E2|CA|A435B472-1DF0-8014-FDBE-B6E3107824B7
2025-08-02|com.example.shopping|social|aff_4.36E2|AU|62AC66FC-531B-8365-263F-CCA79E2CB8E3
2025-07-22|com.example.social|email|aff_7.04E2|DE|14AAA20A-EB43-4657-41A9-659952CBEEA9
2025-08-06|com.example.news|organic|aff_2.6E1|JP|BD6D4CDE-299A-B003-6D2D-823A6E08FEE7
2025-07-15|com.example.shopping|social|aff_8.86E2|AU|DF6FD248-101D-F421-C407-3832A9BA985F
2025-08-06|com.example.shopping|social|aff_1.94E2|IN|F7B3ECBE-FCC5-4F5F-4F4C-5D8AD1BBEA84
2025-08-07|com.example.news|social|aff_9.2E1|BR|71C09419-9AE1-65BE-8438-5EF39201C070
2025-07-27|com.example.news|social|aff_1.88E2|CA|4E0F2C99-AFB4-90A5-0602-B97847572814
2025-07-18|com.example.game|cpc|aff_1.5E1|JP|0599DE98-07EF-F68D-F0DE-5D5BF9E10FC1
2025-07-29|com.example.social|organic|aff_1.69E2|UK|191AA80D-155B-172A-B20C-B95D662E9838
2025-07-15|com.example.shopping|organic|aff_9.78E2|IN|84DC9AD8-DE78-68C9-E377-6078B609AB46
2025-07-23|com.example.shopping|organic|aff_3.3E1|FR|9C626F4B-F6A3-857E-E71F-CEA36DB8B070
2025-07-29|com.example.weather|social|aff_1.37E2|CN|26CB7E61-5E8E-EE6A-F574-DDF32D920DC2
2025-07-18|com.example.game|email|aff_4.91E2|JP|D464DD88-FABA-AFEC-EB17-164952DA37DF
2025-08-09|com.example.game|organic|aff_4.41E2|US|559C1BCA-2AA3-31D8-9E7A-5AFEA1F3C745
2025-08-04|com.example.news|organic|aff_2.97E2|US|156DFA98-AC99-6DB7-AA42-B09592511C85
2025-07-13|com.example.shopping|cpc|aff_9.31E2|US|B5A6354F-CD8F-E484-5548-5F23FA0DD958
2025-07-27|com.example.news|organic|aff_9.87E2|CA|E0AB431F-B299-98FF-DA28-C48FF1770193
2025-07-30|com.example.shopping|social|aff_3.82E2|JP|8C8B54CC-426B-0A6C-C19A-56F7C38AC643
2025-07-16|com.example.news|social|aff_9.75E2|DE|02A93E26-5D3C-227D-AC99-D2B8684B2053
2025-07-19|com.example.news|cpc|aff_6.76E2|CA|F5801833-477E-9D85-207A-20A20880F355
2025-07-29|com.example.shopping|cpc|aff_1.26E2|CN|2E08EB39-85E5-8789-D1BD-10A92A5101F7
2025-07-17|com.example.social|email|aff_5.73E2|DE|11C1DBC8-6B8D-5E2E-CFFF-B9E79C89AE86
2025-08-09|com.example.social|email|aff_6.84E2|AU|F7F59A2D-7EC7-ECAC-4A61-9D561B0825BA
2025-07-16|com.example.news|organic|aff_6.11E2|US|4FF67620-3CB2-8B63-39A0-3BD77640E059
2025-07-21|com.example.shopping|email|aff_8.45E2|CN|15324172-D2BB-9D84-6EB8-70FE5E422232
2025-07-19|com.example.game|email|aff_7.84E2|US|5AF75691-F0A7-9F70-E6C9-379F69183549
2025-08-08|com.example.shopping|social|aff_9.27E2|JP|19EB7A03-8FE9-CF77-2828-C3D5BBFD9C53
2025-07-30|com.example.social|email|aff_3.61E2|DE|E3EA1E12-A3ED-13EB-056A-1D248855661D
2025-07-23|com.example.game|social|aff_3.28E2|CA|86AC51D9-9284-1299-438A-C63C6C5603F4
2025-08-08|com.example.shopping|email|aff_4.75E2|CN|4F27E295-D035-7034-4D41-B6C57BEFB81C
2025-07-16|com.example.shopping|organic|aff_3.63E2|FR|02758381-F942-3811-C58C-624B766760B5
2025-07-25|com.example.weather|email|aff_8.08E2|FR|5EB7E4E6-AD09-0142-A558-75F61091C943
2025-07-26|com.example.game|organic|aff_4.3E1|AU|A5D4DD91-3BAD-0640-84B0-4B3F171AF371
2025-07-24|com.example.shopping|cpc|aff_9.77E2|AU|492CCB83-DFC6-7E2B-1460-7DC11310EAE0
2025-07-16|com.example.social|cpc|aff_7.19E2|AU|A08C6815-66C6-1409-13E4-F49177AD6EBD
2025-07-18|com.example.game|social|aff_9.94E2|DE|3F52D7AE-E93B-C8E3-0075-EDD36F5A1430
2025-08-09|com.example.social|cpc|aff_8.84E2|JP|E139C083-3376-CA11-5E69-680517353A98
2025-07-16|com.example.shopping|email|aff_7.32E2|CA|8421ABAB-44C4-55DC-0B23-AC9CC64EF161
2025-07-26|com.example.social|email|aff_7.0E2|JP|399E2178-DBFB-5122-E5DC-59E464AC23F4
2025-07-27|com.example.social|social|aff_1.05E2|US|896F932B-E2D4-AC44-BD71-9B73894B1492
2025-07-24|com.example.game|email|aff_2.96E2|BR|BCAE9605-47E2-C57A-398F-B65F5ED0CA9D
2025-07-21|com.example.social|organic|aff_8.63E2|CA|29A5B96F-23B0-3EB1-0B3C-47F28253D89A
2025-07-15|com.example.news|cpc|aff_7.04E2|BR|90AF8F90-7D83-EE89-F62A-18BB7FE5CF61
2025-07-27|com.example.game|social|aff_7.42E2|UK|B196EF22-7FDD-034E-C2DA-EB0C2ABFBE66
2025-08-05|com.example.game|cpc|aff_1.81E2|UK|D659E4D6-0A99-1101-3D0D-2F8F73337DE2
2025-07-18|com.example.weather|cpc|aff_2.38E2|IN|51078730-441D-028D-7994-BDBB801A12D6
2025-07-21|com.example.game|cpc|aff_3.31E2|BR|763DE2E4-F287-84EC-C9AB-ABD57138B9BA
2025-07-22|com.example.social|organic|aff_5.47E2|CN|645466CC-AAB3-C673-C07D-0CB27FB2742A
2025-07-23|com.example.game|email|aff_3.31E2|FR|C17F25CB-1F9B-5DB5-AC0C-2EBD01E6BFA1
2025-08-07|com.example.social|email|aff_9.35E2|UK|7B33E4B0-B73D-C665-097B-4DFC0338F2D8
2025-07-26|com.example.news|email|aff_4.3E2|DE|291A4439-576F-8F75-4315-1848142FDD6E
2025-08-06|com.example.shopping|organic|aff_9.96E2|JP|82DA26AD-91E4-B17F-2688-AC2256D13A5D
2025-07-26|com.example.game|cpc|aff_8.22E2|BR|16072EF6-7FF7-8813-CBCB-992B17AC1C80
2025-08-02|com.example.game|email|aff_7.64E2|FR|736EC59C-E8F1-89C1-3A2B-C57BE9F7AF05
2025-07-21|com.example.weather|social|aff_9.56E2|US|73DBDEB7-2715-A77D-932E-ADCF660D552D
2025-07-22|com.example.shopping|social|aff_1.88E2|CN|9B3C78C9-B8F0-693D-7313-37F77CAB3E33
2025-07-19|com.example.shopping|email|aff_5.51E2|UK|CC9AE1C4-15E6-B6C8-32F6-A7E41087481F
2025-08-07|com.example.news|organic|aff_6.36E2|CA|E0AE54C7-C370-279F-E9BB-989B0D95CE49
2025-07-26|com.example.social|social|aff_2.85E2|FR|CDAC5E5D-EB81-E571-4560-5B614BD2ACE7
2025-08-10|com.example.game|email|aff_8.51E2|AU|8949438C-B019-C12A-FA11-05C8FBA3D42E
2025-07-22|com.example.news|email|aff_1.8E1|US|759505D8-DAA9-4EDC-CD1E-50CCD4A549FD
2025-07-23|com.example.news|email|aff_5.81E2|DE|D6BE833C-6BB5-6D0A-518C-2DF27B343BD8
2025-07-28|com.example.game|social|aff_4.71E2|BR|2F50BC0D-A6FE-42AD-CE58-59CB4475DE38
2025-07-20|com.example.game|email|aff_9.02E2|DE|45742FEF-1ED3-9E3B-1AD5-E38F07893508
2025-08-03|com.example.weather|social|aff_1.05E2|JP|250B5963-F1CE-3CAB-3876-B0F300BBC47D
2025-08-01|com.example.game|organic|aff_5.59E2|DE|060926A2-4599-0019-A07E-B9027B9D1472
2025-07-29|com.example.shopping|organic|aff_4.21E2|FR|E7886B7A-7349-0F42-7054-BF1D287B1B74
2025-07-30|com.example.news|cpc|aff_0E0|AU|EA7FF4A3-0212-78E6-230E-64FC5D4BCC26
2025-07-25|com.example.social|email|aff_2.57E2|BR|BB1A6E29-D7BA-776B-47FF-F0C70019F462
2025-07-23|com.example.news|cpc|aff_2.9E2|BR|117743C2-DD88-0B96-909C-D78BBD72A250
2025-07-17|com.example.game|social|aff_9.0E1|JP|7576DD8B-B01A-CE0A-40B7-4A65FD1F77C6
2025-07-19|com.example.social|cpc|aff_1.47E2|FR|135A5057-69C9-7BB7-8709-FA54747FA0D9
2025-07-17|com.example.shopping|email|aff_9.8E1|BR|A627FF1B-555A-EB85-E135-4559C797EC21
2025-07-17|com.example.social|organic|aff_1.5E2|AU|30B17894-5913-89F8-097F-219B5885E01E
2025-08-06|com.example.news|email|aff_1.69E2|CN|06F121BD-DDE7-4C9C-90F9-10D3C8E15918
2025-08-03|com.example.game|cpc|aff_9.11E2|BR|B96750DB-9FE1-7C37-11EB-D8B20CAE3C52
2025-07-18|com.example.social|cpc|aff_6.88E2|IN|01135CCB-ED24-2CEE-FAF0-A6F274287642
2025-07-16|com.example.news|cpc|aff_8.42E2|BR|2E383A69-360F-49A0-B552-12C4251E65A9
2025-07-21|com.example.news|email|aff_7.13E2|AU|FC62328F-0763-F8DF-41CE-BA0B7029A5FC
2025-07-20|com.example.news|cpc|aff_5.92E2|CA|AFFB296A-46A7-536A-2810-92BB40634052
2025-07-24|com.example.weather|social|aff_2.95E2|UK|A3384B46-45E5-64A9-C2C7-BFC36E083B05
2025-08-04|com.example.weather|email|aff_2.28E2|AU|F2F0DA5B-0D98-15A7-3C6C-4A1B0204174A
2025-08-05|com.example.social|cpc|aff_3.2E1|CA|B97D0050-AA2F-116B-1B7A-ABF40E2E3663
2025-07-29|com.example.game|cpc|aff_6.07E2|AU|678AD34D-E320-3226-6598-C3D59BA498F3
2025-07-13|com.example.news|organic|aff_1.17E2|CN|5F4B6D5F-B7BE-F718-EBE2-23450661261A
2025-08-04|com.example.game|cpc|aff_2.66E2|IN|848E1567-BBED-DA3E-DBB7-5569A250A46C
2025-07-27|com.example.news|social|aff_1.9E2|BR|0AC2896B-0E02-D52A-C30B-60C345C3E0EE
2025-08-02|com.example.shopping|email|aff_8.41E2|CA|B1E6105A-BE76-7DFF-76F9-D5D9FB9CF0A2
2025-08-05|com.example.shopping|organic|aff_9.07E2|CA|C09FD60A-A2B0-E90C-CCF7-B047A645FC12
2025-07-20|com.example.news|cpc|aff_5.83E2|UK|A954A74E-81C7-D924-2875-C79054B0CE4E
2025-07-15|com.example.weather|cpc|aff_7.91E2|DE|2FA5D141-DD57-EEAA-AF06-6A54F9BDA5C7
2025-07-19|com.example.game|email|aff_4.5E2|CN|F8A260B6-2E40-9A08-4450-BAE70F2C336B
2025-07-16|com.example.weather|cpc|aff_5.29E2|DE|C18B1B1C-952E-D746-EE2E-4A332C3FFBA9
2025-08-06|com.example.social|cpc|aff_6.46E2|JP|2E195521-FF49-F581-3171-A46EAF32CBB8
2025-08-07|com.example.social|organic|aff_6.41E2|US|10A88885-704B-6489-B7AD-E95392CD0A34
2025-08-02|com.example.game|social|aff_6.14E2|DE|E62458FE-CCFC-5E28-3B2A-5DE4B749F539
2025-07-27|com.example.social|cpc|aff_1.47E2|CN|FDBDB51F-ED03-2EF2-C0E9-9D83BD8832DE
2025-08-01|com.example.shopping|cpc|aff_5.31E2|US|E857955F-0E3E-0DDA-09E1-4A69564541E6
2025-08-06|com.example.weather|cpc|aff_1.62E2|JP|5B938319-3455-7059-00BE-5AD980524D08
2025-07-29|com.example.shopping|email|aff_3.94E2|JP|3C7F58F9-44EB-A63D-EBD4-AD8724ABB2F3
2025-07-15|com.example.news|social|aff_2.05E2|CA|80145875-BDCA-3483-67C0-4846B3736E3C
2025-08-08|com.example.news|social|aff_9.72E2|AU|CDAEE8E0-4C9E-0900-3F2E-F463F656F86C
2025-07-27|com.example.weather|email|aff_1.6E1|IN|CEF3CDF2-6708-FDAC-BF78-D59E59CD34DD
2025-08-04|com.example.social|email|aff_5.76E2|FR|8AA9E59C-E33E-C9F7-EC5E-4EAC4C63D44F
2025-07-16|com.example.game|cpc|aff_4.2E1|IN|7181A3FF-C193-B804-DB27-96645EE92270
2025-07-15|com.example.social|cpc|aff_5.22E2|IN|D5D90D78-364A-EEB1-D496-532A129A7359
2025-08-08|com.example.social|email|aff_7.23E2|CA|722AF547-005E-80FF-8856-28AB25E623A8
2025-08-08|com.example.game|cpc|aff_6.63E2|DE|ED66FA84-E841-AE17-CD14-173B092C85F8
2025-07-16|com.example.social|social|aff_9.5E2|US|092E16D1-21AB-E7C2-5492-8E0A80E7E4B9
2025-07-22|com.example.weather|cpc|aff_3.39E2|AU|392862F9-4782-B35A-65FC-83DD0DDD777B
2025-07-26|com.example.weather|organic|aff_3.28E2|CN|267FA6AF-FDE3-A8CA-C61F-4157435C93C8
2025-08-10|com.example.shopping|cpc|aff_4.49E2|IN|9056FCE1-080A-6E97-79E9-8132E7818594
2025-08-10|com.example.weather|organic|aff_4.5E1|AU|700783BB-AAF8-51C8-6614-452C25E817AE
2025-08-09|com.example.social|cpc|aff_5.11E2|CN|35DAD380-8903-FF2E-408F-908E86A76114
2025-07-23|com.example.shopping|cpc|aff_5.57E2|CA|671CAB9F-4E0F-7518-1AD3-459DDD602DC0
2025-07-14|com.example.weather|cpc|aff_9.85E2|FR|C4EBDD4C-3526-F7BA-4B3B-88FAC26A1024
2025-07-30|com.example.game|organic|aff_6.06E2|US|AC1629A1-F7D5-C1E2-87E4-A607D375921C
2025-07-21|com.example.weather|organic|aff_1.52E2|AU|847D0210-F14D-D23B-A13E-756648451BBB
2025-08-07|com.example.news|social|aff_9.14E2|FR|30C8CC49-FD6E-09FD-809B-4E9FF0D548EA
2025-08-08|com.example.social|cpc|aff_5.18E2|US|4859746C-60FC-CABC-A38B-7A9801088D76
2025-08-05|com.example.weather|organic|aff_7.08E2|BR|47082FD8-55B4-BB22-9D18-6260CBE613C8
2025-07-15|com.example.news|social|aff_6.1E1|DE|2F6FC3C2-142F-94A6-8F05-34582393F31A
2025-07-26|com.example.weather|organic|aff_5.36E2|BR|92FA1372-7E46-DDAC-7676-41B98B327527
2025-08-01|com.example.weather|social|aff_8.8E1|CA|C90D523C-23F1-1446-D999-6D33280B6A77
2025-07-25|com.example.weather|cpc|aff_7.16E2|IN|88A6A357-AFE2-7E56-D2D4-F63442907535
2025-07-13|com.example.news|email|aff_2.84E2|CN|735BA1BA-ECD5-4ECF-7089-E72717FA3451
2025-07-21|com.example.shopping|organic|aff_3.56E2|FR|AC8F8AB0-3FB0-EA00-CC4E-C5A6CC0ABEAA
2025-08-06|com.example.news|cpc|aff_6.72E2|US|5CEA15AE-A279-BCB0-38B1-86BB58E2514E
2025-07-16|com.example.social|cpc|aff_1.16E2|CN|57F4FDE9-5120-7E8B-6A25-A615ADB77A95
2025-08-01|com.example.game|cpc|aff_3.25E2|DE|9014AD48-889C-FCE3-4927-E9BFC747E475
2025-08-07|com.example.game|email|aff_3.78E2|JP|8D58F51B-B8BE-FDE8-5E26-FE8C7B423A19
2025-07-16|com.example.shopping|organic|aff_3.84E2|AU|97DDB4E2-6C8B-5CF4-BD38-94B26A34B797
2025-07-23|com.example.game|social|aff_8.51E2|FR|87117170-0E34-985A-91F0-6C7B166AAA35
2025-08-06|com.example.news|cpc|aff_1.67E2|US|17BC7F1E-80C0-5C50-D959-81AD2CEF213B
2025-07-13|com.example.news|cpc|aff_3.01E2|CN|05E0F12D-A296-08D0-DF70-351FA83A50EB
2025-07-20|com.example.news|email|aff_2.2E1|IN|6D0D352B-FA0A-EDCB-7043-2C5168CC5B28
2025-08-05|com.example.news|organic|aff_3.4E2|DE|DC0C2F2D-F095-4198-BEA5-11504B912AC9
2025-07-31|com.example.social|cpc|aff_8.26E2|BR|DDA9EAAD-6DF5-8E34-979B-A699FB1DF566
2025-07-20|com.example.game|organic|aff_5.05E2|IN|DFC0E053-E133-A7C0-F904-289BD0BA8CA8
2025-07-15|com.example.news|organic|aff_4.13E2|CA|0A59B640-57FB-CA70-F694-9443F4F619F3
2025-08-09|com.example.social|cpc|aff_3.87E2|IN|73CEF408-84C1-E0EB-7F84-36EEC08EA9EE
2025-08-05|com.example.news|cpc|aff_1.77E2|IN|7AC2978E-0FCD-4E2C-AF17-0F7BC30DE86F
2025-07-24|com.example.news|email|aff_7.54E2|FR|5C616384-34CF-9A67-5BAD-FA22A222E4BD
2025-08-01|com.example.game|social|aff_5.89E2|AU|04E13089-993B-872F-D86F-E379EEF23C88
2025-07-18|com.example.game|email|aff_6.91E2|IN|61FCE0B2-1777-1DC6-3AA6-E797082C52BE
2025-07-29|com.example.shopping|cpc|aff_5.78E2|AU|463AFC6F-C20F-A49C-1890-EAC7221DDB96
2025-07-29|com.example.game|email|aff_7.43E2|BR|43D63FB8-6DD7-9443-2A97-50E9A5D9519E
2025-07-22|com.example.news|social|aff_3.12E2|US|41032670-A488-5B5A-1869-333472F97AAE
2025-08-11|com.example.social|social|aff_1.6E1|US|D57D1B78-E775-1D23-1CA6-4D4E15FE73A7
2025-08-10|com.example.social|cpc|aff_2.81E2|IN|6B3ED433-7753-A9C8-D375-BFDACAEDF3D8
2025-08-03|com.example.social|social|aff_7.9E1|US|3C3C3553-3776-37BE-8414-A7734CA01799
2025-07-17|com.example.shopping|cpc|aff_6.0E2|DE|96DA8AF0-0DF8-A532-B5A7-512B9CEDA6B0
2025-08-01|com.example.shopping|social|aff_1.71E2|IN|32A0FE0E-364D-794F-7184-A6860FB1E6F0
2025-07-13|com.example.social|email|aff_2.58E2|JP|158ED36C-875C-111D-7AD5-5213A4A69BDE
2025-08-05|com.example.social|organic|aff_8.43E2|CA|7D4DACF3-FBF0-FCE4-D5E4-875294962D25
2025-08-05|com.example.social|organic|aff_6.2E2|UK|604068DA-47AE-7EE9-6323-BA031168C798
2025-07-18|com.example.shopping|cpc|aff_2.62E2|DE|0E76F72D-A954-87EB-74B5-76B89CBFE523
2025-07-18|com.example.game|cpc|aff_7.1E2|IN|3630A159-9D48-EB0A-0A80-075C96026DE9
2025-07-26|com.example.shopping|social|aff_3.9E2|CA|9E278033-2C7F-F089-F313-FE8B0ED234C2
2025-07-23|com.example.shopping|cpc|aff_7.2E1|CN|B1F94539-8302-B20B-35D4-987569152AAF
2025-08-04|com.example.news|social|aff_8.31E2|UK|5C013AD7-C971-B336-7177-3F0D52F139DF
2025-07-19|com.example.shopping|social|aff_7.06E2|DE|355DBA19-5BD1-5B36-BC59-E152B485E1A0
2025-08-05|com.example.social|cpc|aff_3.6E1|DE|2C8500C1-3E26-CF75-C153-19635EB4EBCF
2025-07-22|com.example.shopping|email|aff_7.77E2|DE|7E2FE68E-578A-32AC-607E-ABCC5A53DAC7
2025-08-01|com.example.shopping|social|aff_2.61E2|US|E50EB22F-E75F-18F8-4F4D-10643B67B3C1
2025-08-09|com.example.news|email|aff_1.55E2|UK|14CF61D3-0594-F59D-D1E9-539106C9CB00
2025-08-06|com.example.news|organic|aff_8.95E2|AU|A9A37DF1-1E09-D9B5-8C9C-69D7ACB068B6
2025-08-06|com.example.game|cpc|aff_2.59E2|UK|AA10CE04-3D1F-8954-1EF0-4992C24221D1
2025-07-20|com.example.shopping|organic|aff_8.99E2|BR|9D21D37A-21D6-17E8-BAE9-ED3C3C6CF537
2025-08-01|com.example.weather|social|aff_2.21E2|FR|41C2188C-AD14-63EA-87EE-1787DA4BF374
2025-07-31|com.example.social|cpc|aff_5.93E2|AU|E5AF52BB-CCFD-A22D-AA40-4A6E0E86FBD9
2025-08-08|com.example.social|organic|aff_5.72E2|DE|21B78675-D9DE-3514-E1A9-A8C89CD85F63
2025-07-20|com.example.social|social|aff_8.61E2|JP|0C0369FB-48DD-80B5-DFCB-D531441B3C56
2025-07-13|com.example.weather|social|aff_7.53E2|US|E3A3B9EC-FE6B-2CBA-9F8F-13188EF35325
2025-07-18|com.example.weather|social|aff_3.31E2|DE|AA1B4913-2249-606D-0595-B0FD02588B86
2025-08-06|com.example.news|email|aff_7.93E2|CN|46494199-E888-F4CC-B07D-9E836855F163
2025-08-07|com.example.shopping|social|aff_6.09E2|IN|D0269F1A-0312-AB52-49E1-BA6720164097
2025-07-31|com.example.weather|organic|aff_7.17E2|DE|0443BA6F-6530-A1E0-1673-BA8A409DDAEC
2025-08-04|com.example.game|email|aff_9.73E2|CN|7F427420-2358-C605-DC3A-CA8448A5783B
2025-08-03|com.example.news|email|aff_7.3E1|JP|00AE991A-5EA2-AC27-F2EC-5A7FA62B0256
2025-07-17|com.example.social|organic|aff_2.14E2|CA|647C46E9-7FA8-9577-487F-7B933BF8FF91
2025-07-26|com.example.weather|email|aff_7.01E2|BR|41658BDB-6E1F-84E4-9F56-24197979B347
2025-08-06|com.example.weather|social|aff_8.3E1|JP|DD207790-B131-17F1-E308-E6AF03D8B2BF
2025-07-14|com.example.shopping|organic|aff_2.82E2|CA|EB2FA642-B037-5F5F-F077-F5D2F50183BF
2025-07-23|com.example.social|organic|aff_5.33E2|FR|9BB45EC9-60A5-8672-7134-EEB1877DF54F
2025-08-10|com.example.social|organic|aff_7.28E2|BR|8031922F-E59F-7D89-4234-64D82951177B
2025-07-16|com.example.shopping|social|aff_3.31E2|CN|684181B1-A418-8E74-8F2F-7FC224C2077A
2025-07-28|com.example.news|organic|aff_1.25E2|DE|2AF20F8F-9FAA-2FFB-C979-D300A8A03362
2025-07-23|com.example.news|organic|aff_8.07E2|DE|ED9BD2A8-3290-AF7F-4BFE-4AAE9ECEF7E0
2025-07-14|com.example.news|social|aff_8.57E2|US|F4CA4FAE-0E58-2A65-44FA-05174303743C
2025-08-02|com.example.news|email|aff_7.26E2|AU|87B1EB86-F57C-6790-3A7E-DC88E0633F01
2025-08-04|com.example.news|organic|aff_9.25E2|DE|50DE2AE2-1D74-9D5A-2F28-DADD961CA702
2025-07-26|com.example.weather|email|aff_7.0E1|CN|B7A8D607-8842-2980-5158-A3777C5036E1
2025-08-03|com.example.social|email|aff_3.22E2|UK|40F05201-8BA7-8C7F-D6E5-E810866C45BE
2025-07-22|com.example.news|social|aff_7.13E2|US|BC5F86B7-AC25-FE1F-3E3E-5E4180897545
2025-08-11|com.example.game|social|aff_3.74E2|BR|E37F8CC1-462B-BF55-8B21-51B9BF60B8AB
2025-08-09|com.example.social|organic|aff_3.96E2|US|929D870E-F435-E8C7-BD9B-7CF30A6F7594
2025-08-01|com.example.shopping|social|aff_6.16E2|JP|05A1DC6E-22FA-0E12-0EB8-EACC5DC39885
2025-07-23|com.example.news|organic|aff_9.23E2|BR|B1576B32-1934-27E9-0802-25D7B729E1C6
2025-07-17|com.example.shopping|email|aff_4.46E2|CN|6D9D8916-EDBC-C5E0-ABCA-E75C396025C9
2025-08-01|com.example.weather|social|aff_1.43E2|IN|36D854BE-DACD-9032-89FD-97A0DE9495D1
2025-08-11|com.example.weather|cpc|aff_4.19E2|IN|B4922FC5-F5A5-D67E-A3B2-0E39301B6049
2025-08-10|com.example.social|social|aff_3.16E2|CA|7BF78D2F-B62F-9CA9-C94B-EB369F8748B2
2025-07-28|com.example.game|cpc|aff_2.6E2|CN|02C2693F-D622-D0DA-72BA-700B2B399889
2025-07-31|com.example.weather|organic|aff_9.8E1|BR|A514743A-9B33-7530-89FE-F93CDFEEB1A7
2025-08-04|com.example.social|cpc|aff_2.25E2|FR|635DD03C-AD62-A05D-59C6-3221B91A33EC
2025-08-11|com.example.shopping|social|aff_8.49E2|UK|07752CEE-676E-C3AC-0CD0-3D47061760C9
2025-08-08|com.example.game|organic|aff_6.29E2|IN|37A2131B-7494-2EF5-3D44-CA33DBFEB7B9
2025-07-29|com.example.social|cpc|aff_9.31E2|JP|B2F68B26-6A9F-5098-BC6C-216C5DF7EE32
2025-07-22|com.example.news|cpc|aff_4.91E2|DE|BDF56861-0B37-49E6-E5D3-14E58B98E5FE
2025-07-27|com.example.game|cpc|aff_5.91E2|AU|1684DB0A-8E63-3BAC-8E65-F477B9D6E2A3
2025-08-04|com.example.weather|cpc|aff_9.36E2|CA|DF26DB8A-23DD-6F65-D193-C19CB3C16725
2025-07-15|com.example.social|cpc|aff_8.82E2|FR|3AD6F962-BB62-0A5E-987B-1ABF8CA4B4C5
2025-08-06|com.example.news|organic|aff_5.56E2|DE|D44C4F07-42C6-838A-E3C4-31D8B0B54A9F
2025-08-05|com.example.weather|organic|aff_5.44E2|CA|B2CCF5AE-77AC-52DB-28E6-2C6318A5AC75
2025-07-20|com.example.shopping|email|aff_5.0E1|DE|F4E41797-6A72-9B9A-13FD-A2E8A5E8403F
2025-08-11|com.example.game|email|aff_3.72E2|FR|8CC2ECED-0135-52DD-AB03-7085C9F263CA
2025-07-21|com.example.social|social|aff_5.69E2|JP|21E0CD40-29AC-2A78-BE5F-22F7A58A7A8F
2025-07-14|com.example.social|social|aff_4.28E2|FR|DB281D2F-14CC-6C1E-29C8-3B1C457DD1C6
2025-08-03|com.example.game|email|aff_8.97E2|UK|064BEC2B-B5E9-5750-DB10-0A102AE21402
2025-07-17|com.example.shopping|organic|aff_1.88E2|FR|D462F7C3-8424-EE18-54BA-964AF93A5981
2025-08-06|com.example.weather|email|aff_8.06E2|IN|0AE3180B-9A72-C691-4254-3CB2AB139F23
2025-07-22|com.example.game|organic|aff_2.06E2|DE|1543E9FE-E78B-74B0-4FBC-CDA34F85D718
2025-08-11|com.example.news|organic|aff_7.16E2|UK|39C4F4B0-F8A3-A28B-1CCB-B1D5DB7125C7
2025-08-11|com.example.game|organic|aff_5.59E2|FR|8C55EC2B-B458-D49C-EAF3-57E84A030300
2025-08-05|com.example.weather|cpc|aff_8.06E2|BR|808125D3-D51A-616A-31C0-EA1B3B9B68D5
2025-07-17|com.example.weather|social|aff_9.58E2|AU|28569474-A457-0982-C51A-EE5F690FD11F
2025-07-22|com.example.weather|organic|aff_7.26E2|JP|C09D3B18-4277-B695-6EDF-4C1CE564B7F8
2025-07-26|com.example.weather|cpc|aff_9.51E2|JP|9CF98172-22D2-F5A6-1FDD-5E4862EE31C2
2025-07-25|com.example.social|organic|aff_5.42E2|AU|03EDE6F6-E74D-37A2-DE29-65DE352A2031
2025-08-10|com.example.game|social|aff_1.38E2|US|4AF725C5-1C7F-0EAD-B69E-0ABAF4247FE0
2025-08-04|com.example.social|organic|aff_8.52E2|FR|98A1AE94-4997-417F-2B5D-FE9C3BD3587C
2025-07-19|com.example.weather|cpc|aff_2.34E2|CN|4AA52F85-F71D-165C-CDDE-15731FBAD6B6
2025-08-07|com.example.game|email|aff_8.2E2|DE|42389EEA-FFCA-D74B-9D6E-D27804129B72
2025-07-25|com.example.shopping|organic|aff_1.06E2|UK|0AEC9B66-68CB-5DB4-AB48-8EA4DD20F43A
2025-07-16|com.example.game|organic|aff_2.23E2|IN|369E8639-C314-DDDB-B178-96C1F6246E9E
2025-07-29|com.example.game|organic|aff_5.52E2|DE|D6E0069B-B838-6F80-A86F-75BB46341892
2025-07-15|com.example.shopping|cpc|aff_5.6E1|CA|1B346490-5E75-5994-3E4D-BA34F29BFCE9
2025-08-08|com.example.weather|social|aff_3.79E2|US|98D70F8D-42BE-7BBA-9223-FCA91ECA54EB
2025-07-13|com.example.shopping|organic|aff_7.63E2|JP|1F6EB2CF-FE93-D3C2-92DE-1E689C543C85
2025-08-08|com.example.game|cpc|aff_4.92E2|US|C0DFDC57-3F8A-15B7-2D88-40E888059092
2025-07-16|com.example.shopping|email|aff_8.0E2|CA|B8C99602-C330-7736-32A8-E9A08A3C010F
2025-07-18|com.example.shopping|cpc|aff_5.94E2|FR|1EA615C6-F19C-3D7D-8134-CE18B06D0F7E
2025-07-23|com.example.game|social|aff_3.95E2|US|6DAC40A4-693E-5448-3870-8A07F72FA4CC
2025-08-06|com.example.weather|social|aff_7.02E2|JP|224EDA34-36FD-E81E-FB40-7285B01BE314
2025-08-01|com.example.game|cpc|aff_1.01E2|CN|16C29DCF-58BC-C545-55B8-8458EDE49C56
2025-08-03|com.example.shopping|social|aff_1.02E2|CA|A65209B9-CE3B-CD40-EF84-6106C002CCED
2025-08-04|com.example.social|email|aff_6.94E2|FR|912752A0-DF27-B2E8-0789-6ACAC3F08098
2025-07-15|com.example.social|email|aff_8.0E2|BR|A6618C2D-B7C7-2D0E-633D-9617AB1ECC7E
2025-07-17|com.example.weather|social|aff_4.6E1|BR|19E4B178-72ED-FB5A-25E5-FE44B0A31621
2025-08-08|com.example.game|social|aff_3.47E2|CN|44792553-D435-C034-6F0A-3F281E1C65CE
2025-08-09|com.example.news|email|aff_8.5E1|IN|62125B55-0AA4-8156-703B-D66831B5B641
2025-07-16|com.example.shopping|email|aff_6.77E2|US|15753A38-F583-CC96-AECB-29BC306BA5FF
2025-08-01|com.example.weather|email|aff_8.42E2|US|9CAADE96-EA69-AAFA-A5E9-E2F7741EF37A
2025-08-09|com.example.social|social|aff_4.77E2|CN|7EDA0151-E6F2-1CF9-33DD-3DE2B46381BF
2025-07-27|com.example.weather|social|aff_9.1E2|CN|B882ECAD-757D-DA4C-23B9-CA04A77BA2BA
2025-07-26|com.example.game|email|aff_5.43E2|CN|A16BDD5B-8C99-8DDC-3135-66B7D5ADA257
2025-07-24|com.example.social|organic|aff_6.58E2|BR|F8821019-0252-6F94-92DB-D53819435BEF
2025-07-15|com.example.social|organic|aff_9.76E2|FR|FF98E05F-E0FD-055D-766D-D86E7BC30EC4
2025-08-10|com.example.weather|organic|aff_9.24E2|UK|1473F035-F877-0200-7599-3513E7FC19F2
2025-07-25|com.example.shopping|organic|aff_1.61E2|AU|BFD1CA3F-BEA7-0394-0340-19BCC97EFE02
2025-07-18|com.example.social|cpc|aff_8.49E2|US|B9068E2C-7915-82D4-8FC4-3D647D3109D4
2025-07-25|com.example.news|cpc|aff_6.4E2|AU|2F0128F5-3A68-03D9-E0C8-C6E55BD628A3
2025-07-27|com.example.social|organic|aff_1.84E2|US|658D00BD-9C9E-DCEE-B97B-AFF820634514
2025-07-15|com.example.social|organic|aff_7.31E2|BR|9AA8BF39-348B-AEE5-ECE1-CD0D2172FF62
2025-08-04|com.example.shopping|cpc|aff_4.85E2|UK|5DFAAC69-853B-DD8F-75C8-813D82FC7FF4
2025-08-01|com.example.shopping|email|aff_4.54E2|UK|E58A3651-2E7B-4D91-3339-55E1D6C5AB46
2025-08-11|com.example.weather|organic|aff_4.8E2|IN|672536E7-1856-456E-566D-C84B0E50080C
2025-07-19|com.example.shopping|cpc|aff_2.28E2|FR|DACE631A-DE35-331D-FAC7-93E341066C87
2025-07-14|com.example.weather|organic|aff_4.5E1|US|A9EF5847-F5D1-F439-9311-0535D40C6CB6
2025-07-29|com.example.weather|cpc|aff_3.33E2|CA|E1F63613-6169-E93D-5674-B4819D9592E0
2025-07-18|com.example.shopping|social|aff_2.14E2|BR|65CDA9BA-6205-B67C-A96A-792BE536A83C
2025-08-06|com.example.game|social|aff_3.48E2|FR|47071052-7012-7F0E-DAD8-27285E174641
2025-07-27|com.example.social|email|aff_6.03E2|CA|CBA6299E-E468-5B18-BF85-BF106C3D32E7
2025-08-11|com.example.news|organic|aff_6.92E2|UK|FC6307AA-6BE2-4870-AC71-4C4DCBA9D060
2025-07-27|com.example.social|email|aff_5.97E2|US|9A35D7C7-8241-B0E0-5081-1804C710D35B
2025-07-17|com.example.game|email|aff_7.1E1|CA|C3CC02AB-C0C3-CF5D-008F-DD84E342677F
2025-08-10|com.example.weather|social|aff_4.12E2|FR|43138849-D1E5-A242-50FC-7ECF3DC01960
2025-07-27|com.example.shopping|organic|aff_9.44E2|BR|31515B38-2C54-68AA-1282-79D9C86AC3DC
2025-07-18|com.example.shopping|social|aff_7.33E2|BR|D743F7F6-6E5B-A5FF-960D-62B6212C80F3
2025-07-28|com.example.weather|organic|aff_6.83E2|UK|626308C7-0564-9351-2F1F-BF5D370D22A1
2025-08-08|com.example.game|social|aff_3.91E2|FR|8276D074-C065-2DF0-D0B8-B0C14BD0C448
2025-08-03|com.example.game|cpc|aff_3.81E2|CN|5E8876A2-12D6-81DC-3054-4E02A2D8E8BD
2025-08-05|com.example.game|email|aff_1.2E1|US|A916A8F0-4286-A66B-0B66-67664083C0E2
2025-08-11|com.example.shopping|social|aff_9.45E2|FR|07480731-363E-CADB-1C21-144A94707173
2025-08-04|com.example.game|organic|aff_2.69E2|AU|F6DCA293-5DB6-D248-5440-3F340FAD3CF8
2025-08-07|com.example.game|email|aff_8.04E2|IN|CD7FEA23-25D0-281F-D4CB-EC2CDFCAAD0D
2025-08-05|com.example.news|email|aff_8.8E1|CA|EAD7E6F3-3D4B-ABC5-6405-06878214E77D
2025-07-22|com.example.news|email|aff_4.89E2|AU|C22C40B0-6101-43A1-C0DE-A59898B41B2D
2025-07-29|com.example.game|social|aff_6.79E2|IN|DFBD597D-CFFF-284A-D9FF-0BC93733C7C7
2025-08-08|com.example.shopping|email|aff_3.92E2|DE|63A7B987-2900-42C4-164D-79C94C8DB2CB
2025-07-21|com.example.news|organic|aff_7.94E2|BR|1E5D2E6A-7A43-83AF-D7FA-AD296D1C49C6
2025-08-09|com.example.social|social|aff_1.59E2|BR|8DD8899B-F124-EFB5-1149-79B350C3D1C1
2025-08-01|com.example.social|organic|aff_7.79E2|CN|27C6914C-D104-0FC1-C46B-389D6CDDF02E
2025-07-28|com.example.shopping|cpc|aff_2.41E2|BR|1CDC5393-8888-B150-EB93-1148C7C05FAC
2025-07-23|com.example.weather|organic|aff_5.51E2|CA|6D2272BA-44CD-1768-CDEA-48D0EA2200C6
2025-07-22|com.example.weather|cpc|aff_4.28E2|CA|3D8CB353-A693-8066-5E42-D308244AA211
2025-07-18|com.example.weather|cpc|aff_1.5E2|AU|0230BE09-7BD2-59E5-0854-D9A7BC5E10A8
2025-07-25|com.example.shopping|social|aff_7.4E2|CN|EF908509-9D17-214E-F6F6-BED333FB344A
2025-07-27|com.example.weather|social|aff_1.18E2|CN|1FF9A66E-CC25-A2B0-50D6-F824AA89F060
2025-08-05|com.example.news|social|aff_4.25E2|JP|F23404AD-89D0-7F9A-7461-498698198C89
2025-07-30|com.example.weather|cpc|aff_8.35E2|AU|7EEBAA26-68B0-B778-C511-F69FAA9BE011
2025-07-27|com.example.shopping|email|aff_2.6E1|CA|61537E20-170F-BCFE-8CA6-5D7A9037126E
2025-07-22|com.example.news|cpc|aff_3.97E2|JP|48800700-4542-72CE-9AE6-3FC6737B39C7
2025-08-05|com.example.game|cpc|aff_4.28E2|IN|60D7E367-B5AC-75C0-9DBE-0DCA65551E70
2025-07-23|com.example.social|email|aff_2.31E2|AU|E6430398-D842-CDC0-C02D-03163B1AFADD
2025-08-05|com.example.social|cpc|aff_5.37E2|UK|5DF9BBAD-2EDD-0C0B-32B8-34EA0D8A6DE8
2025-08-09|com.example.news|social|aff_3.6E1|IN|C1D7CD87-3E78-4DA6-1B84-EB74E98B3D6C
2025-07-22|com.example.social|social|aff_2.58E2|DE|EA04D482-C9BD-238C-8433-692DE09CC4A1
2025-08-10|com.example.game|organic|aff_7.56E2|DE|B95D9197-2962-33CE-7270-881FA6240537
2025-08-01|com.example.game|social|aff_8.61E2|AU|CF3D2852-6D1D-23CA-AC33-6112E6B64AC3
2025-08-11|com.example.game|social|aff_6.95E2|AU|E484B440-5F03-7291-441E-ECDB886C6C18
2025-08-11|com.example.weather|cpc|aff_9.79E2|CA|78FE6B63-5C10-F511-3797-A852FFFA5BB7
2025-08-02|com.example.news|social|aff_3.26E2|CN|1418011A-A89A-E3CE-D524-E32666BCF00D
2025-07-27|com.example.news|organic|aff_2.9E2|US|8D7BBD56-70EC-566E-2B23-F6C2BE9FFB63
2025-08-06|com.example.social|cpc|aff_1.3E2|DE|5C278877-7E92-AF98-7F82-BD7094CD62B9
2025-07-18|com.example.news|email|aff_8.37E2|CN|85A9DC86-223A-4076-54CE-E146C3CC6B77
2025-07-20|com.example.news|social|aff_9.3E1|CN|A226ED9D-251B-F548-A3B3-ED960679C248
2025-07-27|com.example.game|social|aff_7.65E2|CA|053DBB72-2579-51C6-A953-991FA77D2BEA
2025-08-08|com.example.news|email|aff_6.26E2|UK|A1F239C9-3EC0-9F33-8D67-3AEED4F6A33E
2025-07-17|com.example.weather|cpc|aff_3.89E2|BR|9FC69703-970D-20BE-F40B-BA39659780DC
2025-07-16|com.example.shopping|email|aff_7.42E2|DE|06A4284D-1437-527F-DA11-B7450F31E4A1
2025-07-18|com.example.game|cpc|aff_4.27E2|AU|74071154-D76F-D61F-E6F2-6698BE04420D
2025-08-02|com.example.game|social|aff_7.66E2|IN|BEED8964-1DCA-5DCC-3253-EB9C0B6FE5A1
2025-07-15|com.example.game|organic|aff_4.31E2|BR|E5786132-B8B1-91A5-AA5C-392809316BB0
2025-07-25|com.example.shopping|cpc|aff_8.91E2|UK|67A9ADE1-33FF-F5A3-0130-750912E22944
2025-07-15|com.example.shopping|organic|aff_8.9E2|AU|100ED952-0AD2-06BC-E569-3853BD1B19C6
2025-07-14|com.example.shopping|social|aff_5.83E2|JP|6754D1A7-2132-0A7F-CEB8-07FF1A013ACB
2025-08-02|com.example.shopping|cpc|aff_4.4E1|JP|9A3C0958-8D93-312A-3C32-E5020209156D
2025-08-03|com.example.social|social|aff_6.07E2|JP|51B1A27D-FA5E-6760-845F-A60BFF6A6BA8
2025-08-06|com.example.social|cpc|aff_5.78E2|BR|B40CEF40-EC31-681E-609E-CF0DB5C64975
2025-07-26|com.example.game|organic|aff_5.86E2|US|9D7123FC-B905-EFA4-4F9C-1F09D34E5A47
2025-07-28|com.example.game|social|aff_1.2E2|IN|CB4C770B-C58F-E8E9-278C-D61D21602058
2025-08-06|com.example.game|social|aff_2.9E2|US|D9CE014A-A439-2EBE-4ED6-0D49A2693B4A
2025-07-28|com.example.game|organic|aff_4.02E2|FR|9962FDED-22B3-7D21-1AAB-CA61AD90C1DF
2025-08-08|com.example.shopping|organic|aff_7.57E2|UK|A14365AC-92E7-4752-D2B1-02DAC41C5A61
2025-07-20|com.example.social|email|aff_7.49E2|CA|FFF71392-D284-AA98-D948-3B643895C5BB
2025-08-03|com.example.news|email|aff_5.6E2|UK|EF7E92D3-EE37-7195-5557-8C2DC12E0B28
2025-07-21|com.example.social|cpc|aff_6.39E2|US|CCBDCC3A-A7FD-61ED-3F33-48065837F0D9
2025-07-23|com.example.shopping|social|aff_6.3E2|AU|E2270157-3D97-3C75-A2AD-8D120375E0E1
2025-07-22|com.example.news|email|aff_5.0E0|CN|4E1D782F-8D59-7148-D90D-E791CB520660
2025-07-21|com.example.news|social|aff_6.37E2|US|E337C14F-97C6-3072-03C3-87B39DBBC118
2025-08-05|com.example.social|email|aff_4.46E2|CA|373874FC-8DA3-3609-95DF-587A36042A2C
2025-07-21|com.example.news|cpc|aff_2.9E2|US|ABB8A657-757B-2C45-36C1-87F8DE4BC284
2025-07-21|com.example.shopping|organic|aff_8.7E2|CN|4BC87D02-B07F-9C8F-B43F-2BA9182D3379
2025-07-17|com.example.social|cpc|aff_1.19E2|CA|68FC7D00-33FD-6C37-CF96-F34B6D6EAA11
2025-07-27|com.example.game|cpc|aff_9.09E2|CA|BA695F0C-998C-F16B-6509-D69353030715
2025-08-01|com.example.weather|email|aff_2.5E2|JP|D4614AFA-2D27-B176-A827-279400CA94A0
2025-07-23|com.example.game|organic|aff_6.03E2|UK|6B869350-5670-B497-F046-8EBB6B1E5B1C
2025-08-04|com.example.shopping|cpc|aff_7.97E2|BR|29C4FF49-8B58-E523-F75E-B6CC7981151C
2025-08-08|com.example.social|cpc|aff_4.35E2|DE|EDB6F78A-D362-30AA-62E7-CF193043E49E
2025-08-10|com.example.shopping|social|aff_7.5E1|CA|6B9BF55C-4513-233A-D341-0592689A0002
2025-08-11|com.example.game|social|aff_8.09E2|CN|94D74307-3391-3D38-C4E2-389EF9C4A1E6
2025-07-30|com.example.news|organic|aff_8.27E2|IN|9A6BD1F1-C952-B958-6574-6596726890DE
2025-07-17|com.example.shopping|email|aff_1.94E2|CA|DDC53B76-E476-0405-A871-D1F0650DE7F1
2025-07-14|com.example.weather|cpc|aff_7.07E2|BR|A735AC43-96F6-8B5E-4B26-2AC7E1551B02
2025-08-03|com.example.social|email|aff_1.31E2|JP|72E344A1-2EC9-3E5E-793F-28D8F901B0E8
2025-08-02|com.example.social|social|aff_5.26E2|IN|451F0EF4-863D-DE25-4276-E62269FFBF0A
2025-08-05|com.example.news|social|aff_4.16E2|CN|D38E10F9-1F67-FF7A-FAB7-C110181CDCCC
2025-08-10|com.example.news|social|aff_1.79E2|DE|21131CB6-F015-D523-1ECA-604CA738ADA9
2025-07-26|com.example.shopping|email|aff_3.22E2|CA|ECD09FB4-2E20-3060-DCA7-38600BDE4E97
2025-07-19|com.example.social|cpc|aff_2.2E2|AU|E8D9113C-48F6-6785-135E-4F0B71239098
2025-07-20|com.example.news|cpc|aff_6.34E2|UK|27371660-35AE-0644-A88A-955E0AA243F0
2025-08-01|com.example.social|organic|aff_4.83E2|IN|80EC3722-98E7-D4B8-30CA-5389C2765B24
2025-07-25|com.example.weather|cpc|aff_3.11E2|CA|91A4BD78-AF57-9F8E-8375-3BA4E6F5EAAC
2025-08-11|com.example.news|email|aff_1.94E2|US|45E894F0-8480-4B28-6B7F-4A71BC9CF34C
2025-07-17|com.example.social|cpc|aff_7.3E1|CA|DDA6AE52-2D2E-B7BA-A78F-D61AA64CD6AB
2025-07-20|com.example.weather|organic|aff_8.66E2|CA|D178FCD8-C0D0-A7E5-2CF1-2CBA6A543382
2025-08-06|com.example.news|social|aff_5.94E2|US|05748D55-1896-2699-8C51-485D8C0133D3
2025-07-13|com.example.weather|email|aff_7.52E2|JP|89D49359-D167-CC07-3DA3-F615DC92E113
2025-08-01|com.example.shopping|cpc|aff_9.23E2|CN|8A76835C-7184-EBB2-DFA9-1A3ECE7438C1
2025-08-09|com.example.weather|social|aff_8.42E2|BR|DB627346-BEF8-52F8-7263-3C2C7744E2C8
2025-08-04|com.example.weather|cpc|aff_9.35E2|DE|AD069EE4-78F9-59F2-AD2F-56B0CFDFC42D
2025-08-08|com.example.game|social|aff_3.55E2|BR|0E96354A-C571-3293-ABB2-B271B57ACE82
2025-08-03|com.example.news|cpc|aff_6.87E2|CA|4CFB3653-2DB6-AB9E-BB99-92E82BD3B23B
2025-07-24|com.example.game|social|aff_6.58E2|CA|EEF087AE-5AB2-F998-9D41-8E3390872427
2025-08-04|com.example.shopping|cpc|aff_1.46E2|AU|01E2111D-CC53-493F-75DE-4396047A77C6
2025-08-03|com.example.weather|social|aff_3.67E2|CA|BF971D97-BCC9-3E54-2A5C-5E7BF8101DD8
2025-08-06|com.example.social|organic|aff_7.22E2|BR|3CB01B88-476D-BFF8-95F4-0E626FE15919
2025-07-15|com.example.social|cpc|aff_4.36E2|JP|10299C1E-45A3-53C8-EAFA-0596A7C996B8
2025-07-28|com.example.game|email|aff_4.72E2|US|05269CC7-C3CD-D61B-A3A2-246DA5B56D7B
2025-07-24|com.example.social|cpc|aff_5.8E1|BR|4A35A32E-5DDF-A63B-C9A2-162793C031BD
2025-08-11|com.example.shopping|organic|aff_8.21E2|AU|F28CBFD8-A6E5-F274-0F46-E22BDA97BAB6
2025-07-23|com.example.game|social|aff_9.48E2|CA|E5CC2DEA-C6AA-7038-8A5B-3A73F5DC92B0
2025-07-25|com.example.news|organic|aff_8.85E2|IN|773A52EF-0C4C-27DF-C308-15CE9CCFBA83
2025-07-19|com.example.weather|organic|aff_2.62E2|JP|20F8A2E1-00FC-C72D-17CD-DF2838757DA5
2025-08-07|com.example.shopping|cpc|aff_6.95E2|BR|00C01BE6-E97E-5A3F-4196-E3AA0A483EFF
2025-08-02|com.example.game|organic|aff_8.36E2|JP|BDDA7E7D-8C12-E2D0-D1ED-469E64917747
2025-08-02|com.example.social|cpc|aff_1.09E2|DE|9DD79F59-0107-9A15-2A69-6A058F3442AF
2025-07-27|com.example.game|organic|aff_2.82E2|IN|66CD43B7-1EC9-B1AF-9CF3-BDA87E24ECDB
2025-07-27|com.example.game|organic|aff_6.71E2|CA|07498985-50F2-0AC2-F14A-1FAE3DF8FC53
2025-08-07|com.example.news|cpc|aff_5.29E2|CN|D2CBE744-88BF-B84E-4389-087BB66D3D2A
2025-08-04|com.example.social|social|aff_8.89E2|IN|A972696F-0D97-1C50-1677-B906CFA329CC
2025-07-27|com.example.social|cpc|aff_1.12E2|BR|8E0945C7-D9B8-A9FF-8C9D-8AF946627585
2025-08-11|com.example.shopping|social|aff_2.11E2|CA|73862F80-20BB-96E8-96A0-10F80BFF96FD
2025-07-24|com.example.shopping|social|aff_2.99E2|BR|1E7F2C3A-896D-DD33-0EBF-5C53EC77CB0C
2025-08-08|com.example.news|organic|aff_8.36E2|IN|EE51B2E6-414F-9ED2-E9E7-87B54E940561
2025-07-21|com.example.social|social|aff_8.53E2|DE|29DAEFFD-F730-4F58-8DEF-1F35309667F3
2025-07-29|com.example.game|organic|aff_2.44E2|JP|1AEF71A5-44A0-002F-A61E-0E8B8EB486DB
2025-08-09|com.example.weather|organic|aff_1.61E2|JP|FD0E69B6-B6AE-EC6C-8D8E-7474343FED56
2025-07-28|com.example.game|email|aff_5.75E2|DE|FAFF904A-B486-FA62-AA1F-7AFEB3350A25
2025-07-30|com.example.social|email|aff_5.4E1|FR|F212485D-8020-751E-B16D-5653BAA0FD53
2025-07-14|com.example.shopping|social|aff_7.72E2|FR|E91E1A66-E3EB-F9E7-B9AD-3F0384DD3BB5
2025-07-15|com.example.social|social|aff_7.0E2|JP|5A6643B1-B2A9-5D59-F9D5-F18B5C1244DA
2025-07-15|com.example.shopping|cpc|aff_7.31E2|CA|F6D1C804-DA8D-5339-F010-EF5215F201E6
2025-08-02|com.example.news|social|aff_1.91E2|AU|C97D4B94-3F3F-5BA0-73AE-A8433981337F
2025-08-05|com.example.weather|cpc|aff_9.64E2|FR|42E87A3D-512E-D942-67A6-7659AD4F5FF7
2025-07-22|com.example.social|email|aff_7.64E2|FR|95495604-929D-664B-2ECB-164CD12A54E3
2025-08-06|com.example.game|organic|aff_2.78E2|IN|368B9FE5-07EF-E975-ED03-C1410A18DEE8
2025-08-10|com.example.news|email|aff_2.67E2|IN|0420DA8A-51E4-5BBC-988C-451891CF16C7
2025-07-19|com.example.game|social|aff_7.9E2|IN|9B386641-F297-8695-FF0E-D8B04B87F6F7
2025-07-28|com.example.shopping|social|aff_3.75E2|CN|504545F4-5ABD-D6B0-8809-F80E0DDA5F3C
2025-07-28|com.example.game|email|aff_5.55E2|UK|9FB78926-7E78-7AE5-62A4-E48123DCD112
2025-08-11|com.example.weather|social|aff_3.5E1|IN|EEE6E946-6300-95DF-A25C-279255EFE8A6
2025-07-23|com.example.game|organic|aff_2.09E2|US|794FD83C-D0A5-63EB-B422-92F5CE15A871
2025-07-25|com.example.game|social|aff_5.05E2|CA|225667F9-6D95-52CB-1A6C-536ED855447C
2025-07-24|com.example.shopping|email|aff_8.23E2|AU|E9A458A4-F425-F29D-5AEF-6629FA9EEB89
2025-07-22|com.example.shopping|cpc|aff_1.18E2|FR|171E78CB-CD03-D68F-79E2-A3B356864592
2025-07-28|com.example.weather|organic|aff_1.38E2|DE|C72D303C-EC39-D46C-3093-C7D1009506A6
2025-08-09|com.example.weather|cpc|aff_9.96E2|UK|22D9E7A6-A264-B59B-6AE4-1857E308F913
2025-07-18|com.example.news|cpc|aff_3.67E2|CA|4BD6EA83-E479-8D1E-4695-157CEACF1FE6
2025-07-20|com.example.shopping|email|aff_2.77E2|CN|408CFB26-BB96-BCD7-5819-490250CCEECE
2025-07-20|com.example.social|cpc|aff_7.1E1|UK|6DDCFA43-3B40-0C8B-ADCA-AC048EDF92DF
2025-07-14|com.example.weather|social|aff_2.66E2|US|B7558675-2032-EEF0-461C-ED5428DF194F
2025-07-13|com.example.weather|organic|aff_4.41E2|JP|D34CF3E9-5177-C10D-02C2-AD2AD8907342
2025-08-05|com.example.weather|organic|aff_3.18E2|US|EF588FB6-19BB-038C-4F41-EBC1D25132B2
2025-07-25|com.example.game|cpc|aff_2.1E2|UK|E8D87BBF-ECD9-447A-B157-808E08D44F05
2025-07-22|com.example.shopping|social|aff_3.6E2|CN|59107C91-C94E-8675-32DE-4B8EFFB16502
2025-07-18|com.example.game|social|aff_4.0E0|CA|854E9BBF-8916-3AD1-4F4C-E9172C4DB675
2025-08-03|com.example.game|email|aff_8.39E2|DE|DA042211-26EE-9B18-08B5-540E470D75F4
2025-07-27|com.example.weather|cpc|aff_2.71E2|BR|363B4DF1-0111-081B-4D27-73E45E9BE8AF
2025-07-15|com.example.news|social|aff_3.18E2|BR|38E3D440-5FBE-3AEB-934B-E48563284AA7
2025-07-22|com.example.weather|email|aff_4.14E2|CA|DC94568C-A303-A925-DD3B-143AA18D5B9D
2025-07-16|com.example.weather|email|aff_6.9E1|IN|FC1C3044-7191-F6DC-4025-8E8A6F6189E5
2025-08-04|com.example.weather|organic|aff_1.64E2|BR|533DDB37-A0E0-0221-042E-2443D9CF02D4
2025-07-22|com.example.game|social|aff_1.05E2|US|9686A45C-80C2-0FA8-DD2D-B074C594D941
2025-07-29|com.example.shopping|organic|aff_4.57E2|US|BF0F8D8A-9EA7-D34A-B5A5-B30D83863D9A
